-- phpMyAdmin SQL Dump
-- version 4.9.5
-- https://www.phpmyadmin.net/
--
-- Máy chủ: localhost:3306
-- Thời gian đã tạo: Th4 04, 2021 lúc 08:12 AM
-- Phiên bản máy phục vụ: 10.3.16-MariaDB
-- Phiên bản PHP: 7.3.23

SET SQL_MODE = "NO_AUTO_VALUE_ON_ZERO";
SET AUTOCOMMIT = 0;
START TRANSACTION;
SET time_zone = "+00:00";


/*!40101 SET @OLD_CHARACTER_SET_CLIENT=@@CHARACTER_SET_CLIENT */;
/*!40101 SET @OLD_CHARACTER_SET_RESULTS=@@CHARACTER_SET_RESULTS */;
/*!40101 SET @OLD_COLLATION_CONNECTION=@@COLLATION_CONNECTION */;
/*!40101 SET NAMES utf8mb4 */;

--
-- Cơ sở dữ liệu: `amthuc_webcuoiky3`
--

-- --------------------------------------------------------

--
-- Cấu trúc bảng cho bảng `binh_luan`
--

CREATE TABLE `binh_luan` (
  `id` int(11) NOT NULL,
  `idUser` int(11) NOT NULL,
  `idMon_an` int(11) NOT NULL,
  `noiDung` varchar(50) NOT NULL,
  `ngay` timestamp NOT NULL DEFAULT current_timestamp() ON UPDATE current_timestamp()
) ENGINE=InnoDB DEFAULT CHARSET=utf8mb4;

--
-- Đang đổ dữ liệu cho bảng `binh_luan`
--

INSERT INTO `binh_luan` (`id`, `idUser`, `idMon_an`, `noiDung`, `ngay`) VALUES
(1, 8, 4, 'Món này rất tuyệt vời. Mình nấu mà cả nhà ai cũng ', '2020-11-29 09:11:18'),
(2, 8, 4, 'Hello các bạn ', '2020-11-29 15:53:15'),
(3, 8, 4, 'Món này rất ok nha \r\n', '2020-12-01 13:19:03'),
(4, 8, 4, 'jlalfak', '2020-12-01 15:40:49'),
(5, 8, 4, '5 sao lieenf', '2020-12-01 15:42:20'),
(6, 8, 4, 'Món này ko tệ ', '2020-12-01 15:44:59'),
(7, 8, 4, 'Món này cũng ok đấy', '2020-12-02 07:17:12'),
(8, 9, 4, 'ok ', '2020-12-02 09:45:34'),
(9, 8, 4, 'Chúc các bạn làm được món ngon ', '2020-12-02 12:58:50'),
(10, 8, 4, 'Được đấy', '2020-12-02 12:59:48'),
(11, 8, 4, 'toToTôi thích rồi đaáy', '2020-12-02 13:01:43'),
(12, 8, 4, 'ngon tuyệt', '2020-12-02 13:04:07'),
(13, 12, 3, 'Tôi rất thích món ăn này ', '2020-12-02 13:17:59'),
(14, 9, 8, 'Món này ngon thực sự \n', '2020-12-09 13:27:44'),
(15, 11, 19, 'món này ngon', '2020-12-14 03:07:59'),
(16, 8, 19, 'ừ th', '2020-12-17 01:06:41'),
(17, 8, 19, 'Ngôn đấy \n', '2020-12-20 08:46:14'),
(18, 8, 19, 'okee', '2020-12-20 09:27:05'),
(19, 8, 19, ' ', '2020-12-20 09:27:06'),
(20, 11, 30, 'Tuyệt cú mèo', '2020-12-22 01:13:16'),
(21, 11, 28, '', '2020-12-22 01:13:38'),
(22, 9, 7, 'Trông ngon đấy', '2020-12-23 03:04:10'),
(23, 9, 4, 'ffà', '2020-12-23 03:15:59'),
(24, 9, 4, 'fadfa', '2020-12-23 03:19:03');

-- --------------------------------------------------------

--
-- Cấu trúc bảng cho bảng `danh_gia`
--

CREATE TABLE `danh_gia` (
  `id` int(11) NOT NULL,
  `idMon_an` int(11) NOT NULL,
  `idUser` int(11) NOT NULL,
  `kq_danh_gia` int(11) NOT NULL
) ENGINE=InnoDB DEFAULT CHARSET=utf8mb4;

--
-- Đang đổ dữ liệu cho bảng `danh_gia`
--

INSERT INTO `danh_gia` (`id`, `idMon_an`, `idUser`, `kq_danh_gia`) VALUES
(1, 19, 8, 5),
(5, 15, 8, 4),
(6, 11, 8, 4),
(7, 19, 11, 3),
(9, 18, 8, 4),
(11, 16, 13, 3),
(12, 30, 11, 4),
(13, 28, 11, 2),
(14, 24, 11, 1),
(15, 24, 9, 4);

-- --------------------------------------------------------

--
-- Cấu trúc bảng cho bảng `danh_muc`
--

CREATE TABLE `danh_muc` (
  `id` int(11) NOT NULL,
  `idUser` int(11) NOT NULL,
  `tenDanhmuc` varchar(10) NOT NULL,
  `img` varchar(100) NOT NULL
) ENGINE=InnoDB DEFAULT CHARSET=utf8mb4;

--
-- Đang đổ dữ liệu cho bảng `danh_muc`
--

INSERT INTO `danh_muc` (`id`, `idUser`, `tenDanhmuc`, `img`) VALUES
(3, 9, 'Ăn sáng', 'phung22phung41an_sang.jpg'),
(4, 9, 'Ăn chay', 'phung128mon_chay.png'),
(5, 9, 'Làm bánh', 'phung71lambanh.png'),
(7, 9, 'đồ uống', 'phung14douong.jpg'),
(8, 9, 'Món cá', 'phung101monCa.jpg'),
(9, 9, 'Món gà', 'phung48monga.jpg'),
(10, 9, 'Món lẩu', 'phung176mon_lau.jpg'),
(13, 9, 'Món trứng', 'phung378mon_trung.jpg'),
(14, 9, 'Thịt bò', 'phung336thit_bo.png'),
(15, 9, 'Thịt heo', 'phung259thit_heo.png');

-- --------------------------------------------------------

--
-- Cấu trúc bảng cho bảng `hoadon`
--

CREATE TABLE `hoadon` (
  `id` int(11) NOT NULL,
  `idSach` varchar(11) NOT NULL,
  `idUser` int(11) NOT NULL,
  `ngay_Dat` timestamp NOT NULL DEFAULT current_timestamp(),
  `ten_gui` varchar(50) NOT NULL,
  `sdt_gui` varchar(11) NOT NULL,
  `dia_chi` varchar(100) CHARACTER SET utf8 COLLATE utf8_unicode_ci NOT NULL,
  `pt_thanhtoan` varchar(10) NOT NULL,
  `tong_tien` int(20) NOT NULL,
  `tinh_trang` varchar(10) NOT NULL,
  `tong_sl` int(11) NOT NULL
) ENGINE=InnoDB DEFAULT CHARSET=utf8mb4;

--
-- Đang đổ dữ liệu cho bảng `hoadon`
--

INSERT INTO `hoadon` (`id`, `idSach`, `idUser`, `ngay_Dat`, `ten_gui`, `sdt_gui`, `dia_chi`, `pt_thanhtoan`, `tong_tien`, `tinh_trang`, `tong_sl`) VALUES
(4, '1,2', 8, '2020-06-09 09:22:19', 'phan', '0123456', 'Đông Hới', 'tiền mặt', 260000, '1', 3),
(5, '1,2', 8, '2020-07-09 08:01:06', 'phan', '0123456', 'Đông Hới', 'tiền mặt', 260000, '1', 3),
(6, '1,2', 8, '2020-11-09 09:30:30', 'phan', '0123456', 'Đông Hới', 'tiền mặt', 260000, '1', 3),
(7, '1,2', 8, '2020-09-09 09:31:59', '', '', '', 'tiền  mặt ', 360000, '1', 4),
(8, '3,4', 11, '2020-08-09 08:01:22', 'Duc', '0123456', 'Quang  Tri', 'tiền mặt ', 201500, '1', 2),
(9, '4', 8, '2020-10-09 09:30:16', 'phan', '0971669462', 'Quang Binh', 'tiền mặt', 107000, '1', 1),
(10, '5,6,4', 11, '2020-12-13 14:03:50', 'phung11', '09711', 'Da Nang', '1', 2107000, '1', 8),
(11, '5,2,7', 11, '2020-12-22 01:26:35', 'Phan Văn ', '113', 'Đà Nẵng', '1', 442000, '0', 0);

-- --------------------------------------------------------

--
-- Cấu trúc bảng cho bảng `hoadon_chitiet`
--

CREATE TABLE `hoadon_chitiet` (
  `id` int(11) NOT NULL,
  `id_hoadon` int(11) NOT NULL,
  `id_sach` int(11) NOT NULL,
  `soluong` int(11) NOT NULL
) ENGINE=InnoDB DEFAULT CHARSET=utf8mb4;

--
-- Đang đổ dữ liệu cho bảng `hoadon_chitiet`
--

INSERT INTO `hoadon_chitiet` (`id`, `id_hoadon`, `id_sach`, `soluong`) VALUES
(1, 4, 2, 1),
(2, 4, 1, 2),
(3, 5, 2, 1),
(4, 5, 1, 2),
(5, 6, 2, 1),
(6, 6, 1, 2),
(7, 7, 2, 2),
(8, 7, 1, 2),
(9, 8, 4, 1),
(10, 8, 3, 1),
(11, 9, 4, 1),
(12, 10, 6, 4),
(13, 10, 5, 2),
(14, 10, 4, 2),
(15, 11, 7, 2),
(16, 11, 5, 1),
(17, 11, 2, 1);

-- --------------------------------------------------------

--
-- Cấu trúc bảng cho bảng `mon_an`
--

CREATE TABLE `mon_an` (
  `id` int(11) NOT NULL,
  `idDanhmuc` int(11) NOT NULL,
  `idUser` int(11) NOT NULL,
  `ten_monAn` varchar(50) NOT NULL,
  `ngayDang` timestamp NOT NULL DEFAULT current_timestamp() ON UPDATE current_timestamp(),
  `moTa` varchar(200) NOT NULL,
  `img` varchar(100) NOT NULL,
  `step` text NOT NULL,
  `nguyenLieu` text NOT NULL,
  `trangThai` int(11) NOT NULL
) ENGINE=InnoDB DEFAULT CHARSET=utf8mb4;

--
-- Đang đổ dữ liệu cho bảng `mon_an`
--

INSERT INTO `mon_an` (`id`, `idDanhmuc`, `idUser`, `ten_monAn`, `ngayDang`, `moTa`, `img`, `step`, `nguyenLieu`, `trangThai`) VALUES
(1, 7, 8, 'Nước táo', '2020-12-13 14:42:40', 'Món ăn giúp bổ sung năng lượng tuyệt vời', 'phung184phan149nuoctao.jpg', '<p>cho v&agrave;o rồi trộn</p>\r\n', '<ul>\r\n	<li>t&aacute;o</li>\r\n	<li>nước</li>\r\n</ul>\r\n', 1),
(3, 3, 10, 'Bánh xèo', '2020-12-06 01:53:45', 'Bánh Xèo Miền Trung là món bánh truyền thống, mang đậm nét đặc trưng của món ăn Việt. Khác với các món bánh xèo khác, bánh xèo miền trung có kích thước nhỏ, kết hợp với nhiều nguyên liệu. Vỏ bánh xèo ', 'phungit83banh_xeo.png', '<p>1.</p>\r\n\r\n<p>L&agrave;m sạch mực, cắt nhỏ. B&oacute;c vỏ t&ocirc;m, bỏ đầu, đu&ocirc;i, cắt nhỏ. Rửa sạch thịt ba chỉ, cắt th&agrave;nh từng miếng mỏng, vừa ăn.</p>\r\n\r\n<ul>\r\n	<li><img src=\"https://image.cooky.vn/recipe/g1/5865/s240x240/recipe5865-cook-step1-636003696457534344.jpg\" /></li>\r\n</ul>\r\n\r\n<p>2.</p>\r\n\r\n<p>Pha bột b&aacute;nh x&egrave;o miền Trung: H&ograve;a tan bột gạo, nước cốt dừa, 1/2 muỗng c&agrave; ph&ecirc; muối, 1 muỗng c&agrave; ph&ecirc; bột nghệ, m&egrave; trắng rang, gi&atilde; nhuyễn với 250ml nước trong t&ocirc;, khuấy đều.</p>\r\n\r\n<ul>\r\n	<li><img src=\"https://image.cooky.vn/recipe/g1/5865/s240x240/recipe5865-prepare-step1-636003697864344815.jpg\" /></li>\r\n</ul>\r\n\r\n<p>3.</p>\r\n\r\n<p>B&oacute;c vỏ, cắt mỏng h&agrave;nh t&acirc;y. Nhặt gi&aacute; đỗ, rửa sạch. Rửa sạch, cắt nhỏ h&agrave;nh l&aacute;. Cho tất cả c&aacute;c nguy&ecirc;n liệu v&agrave;o ch&eacute;n ri&ecirc;ng.</p>\r\n\r\n<ul>\r\n	<li><img src=\"https://image.cooky.vn/recipe/g1/5865/s240x240/recipe5865-cook-step2-636003698317525611.jpg\" /></li>\r\n	<li><img src=\"https://image.cooky.vn/recipe/g1/5865/s240x240/recipe5865-cook-step2-636003698373685710.jpg\" /></li>\r\n</ul>\r\n\r\n<p>4.</p>\r\n\r\n<p>L&agrave;m n&oacute;ng 2 muỗng canh dầu ăn. Cho lần lượt mực ống, t&ocirc;m tươi, thịt ba chỉ, h&agrave;nh t&acirc;y v&agrave;o, đảo đều cho tất cả ch&iacute;n ho&agrave;n to&agrave;n. Tắt bếp, cho hỗn hợp ra đĩa.</p>\r\n\r\n<ul>\r\n	<li><img src=\"https://image.cooky.vn/recipe/g1/5865/s240x240/recipe5865-prepare-step2-636003699956152489.jpg\" /></li>\r\n</ul>\r\n\r\n<p>5.</p>\r\n\r\n<p>C&aacute;ch l&agrave;m b&aacute;nh x&egrave;o miền Trung: Tr&aacute;ng chảo với it dầu ăn. Chờ dầu n&oacute;ng th&igrave; m&uacute;c hỗn hợp bột b&aacute;nh x&egrave;o v&agrave;o, tr&aacute;ng đều chảo. Khi bột b&aacute;nh x&egrave;o gần ch&iacute;n, cho hỗn hợp thịt ba chỉ, mực, t&ocirc;m tươi v&agrave;o, chi&ecirc;n khoảng 30 gi&acirc;y. Cho tiếp gi&aacute; đỗ, h&agrave;nh l&aacute; v&agrave;o rồi gấp b&aacute;nh lại l&agrave;m đ&ocirc;i.</p>\r\n\r\n<ul>\r\n	<li><img src=\"https://image.cooky.vn/recipe/g1/5865/s240x240/recipe5865-prepare-step3-636003700799333970.jpg\" /></li>\r\n	<li><img src=\"https://image.cooky.vn/recipe/g1/5865/s240x240/recipe5865-prepare-step3-636003700812749994.jpg\" /></li>\r\n</ul>\r\n\r\n<p>6.</p>\r\n\r\n<p>Pha nước mắm chấm b&aacute;nh x&egrave;o miền Trung: H&ograve;a tan 2 muỗng canh nước mắm, 1 muỗng canh đường trắng, 1 muỗng canh nước cốt chanh, ớt cắt nhỏ với 2 muỗng canh nước lọc, khuấy đều.</p>\r\n\r\n<ul>\r\n	<li><img src=\"https://image.cooky.vn/recipe/g1/5865/s240x240/recipe5865-prepare-step4-636003701252670766.jpg\" /></li>\r\n</ul>\r\n\r\n<p>7.</p>\r\n\r\n<p>Cho b&aacute;nh x&egrave;o miền Trung ra đĩa. Khi ăn chấm k&egrave;m nước mắm đ&atilde; pha, kẹp rau sống c&aacute;c loại ăn cho đỡ ng&aacute;n. B&aacute;nh x&egrave;o miền Trung n&ecirc;n ăn ngay khi vừa l&agrave;m xong để giữ độ thơm ngon v&agrave; n&oacute;ng gi&ograve;n. Mỗi lần l&agrave;m b&aacute;nh x&egrave;o th&igrave; bạn chỉ n&ecirc;n đổ khoảng 2 - 3 c&aacute;i. Ăn hết rồi lại l&agrave;m th&ecirc;m chứ đừng đổ b&aacute;nh x&egrave;o sẵn, khi mềm nguội rồi ăn sẽ rất ng&aacute;n.</p>\r\n\r\n<ul>\r\n	<li><img src=\"https://image.cooky.vn/recipe/g1/5865/s240x240/recipe5865-prepare-step5-636003701779015691.jpg\" /></li>\r\n	<li><img src=\"https://image.cooky.vn/recipe/g1/5865/s240x240/recipe5865-prepare-step5-636003701795863720.jpg\" /></li>\r\n</ul>\r\n', '<ul>\r\n	<li>Bột gạo&nbsp;</li>\r\n	<li>Nước cốt dừa</li>\r\n	<li>Muối&nbsp;</li>\r\n	<li>Bột nghệ&nbsp;</li>\r\n	<li>M&egrave; trắng</li>\r\n	<li>T&ocirc;m tươi</li>\r\n	<li>Thịt ba chỉ</li>\r\n	<li>Mực ống&nbsp;</li>\r\n	<li>H&agrave;nh t&acirc;y&nbsp;</li>\r\n	<li>Gi&aacute; đỗ&nbsp;</li>\r\n	<li>H&agrave;nh l&aacute;&nbsp;</li>\r\n	<li>Dầu ăn&nbsp;</li>\r\n	<li>Nước mắm</li>\r\n	<li>Đường trắng</li>\r\n	<li>Ớt&nbsp;</li>\r\n	<li>Nước cốt chanh</li>\r\n</ul>\r\n', 1),
(4, 3, 10, 'Bún bò Huế - giò nạm', '2020-12-05 15:57:56', 'Vì nấu ăn gia đình nên mình thích cắt lát nạm bò ướp gia vị cho thấm rồi xào săn lên mới cho vào nồi nước dùng hầm giò heo. Cách làm này thì miếng nạm bò sẽ co lại nhìn không hấp dẫn nhưng ăn rất thấm', 'phungit163bun_bo_hue.jpg', '<p>.</p>\r\n\r\n<p>1.Dựng heo, nạm b&ograve; rửa sạch, củ sắn gọt vỏ rửa sạch cắt l&aacute;t. Cho dựng heo, củ sắn, h&agrave;nh t&acirc;y cắt m&uacute;i cau v&agrave;o nồi hầm với 3 l&iacute;t nước. Nạm b&ograve; cắt l&aacute;t mỏng ướp 1/2 muỗng c&agrave; ph&ecirc; mắm ruốc, 3 củ h&agrave;nh t&iacute;m băm, 1 muỗng c&agrave; ph&ecirc; muối, 2 muối c&agrave; ph&ecirc; nước mắm, 1 muối c&agrave; ph&ecirc; bột ngọt, 1/4 muối c&agrave; ph&ecirc; ti&ecirc;u.</p>\r\n\r\n<ul>\r\n	<li><img src=\"https://image.cooky.vn/recipe/g6/50764/s240x240/cooky-recipe-637093374464592897.JPG\" /></li>\r\n	<li><img src=\"https://image.cooky.vn/recipe/g6/50764/s240x240/cooky-recipe-637093374471423327.JPG\" /></li>\r\n	<li><img src=\"https://image.cooky.vn/recipe/g6/50764/s240x240/cooky-recipe-637093374476463590.JPG\" /></li>\r\n</ul>\r\n\r\n<p>2.</p>\r\n\r\n<p>Bắc chảo với 3 muỗng canh dầu ăn phi thơm h&agrave;nh t&iacute;m cho nạm b&ograve; l&ecirc;n x&agrave;o khoảng 10 ph&uacute;t cho thịt thấm gia vị. Cho 2 muỗng canh dầu điều v&ocirc;. Nước d&ugrave;ng hầm khoảng 30 ph&uacute;t th&igrave; vớt củ sắn ra, cho nạm b&ograve; vừa x&agrave;o, sả c&acirc;y đập dập, pha lưng muỗng c&agrave; ph&ecirc; mắm ruốc với x&iacute;u nước cho v&ocirc; lu&ocirc;n, n&ecirc;m th&ecirc;m 2 muỗng c&agrave; ph&ecirc; đường, 1 muỗng c&agrave; ph&ecirc; hạt n&ecirc;m, chờ gi&ograve; mềm n&ecirc;m nếm lại cho vừa ăn. B&uacute;n b&ograve; m&agrave; n&ecirc;m th&ecirc;m x&iacute;u ớt sa tế (ớt x&agrave;o) tự l&agrave;m th&igrave; sẽ rất ngon. Trụng b&uacute;n cho ra t&ocirc; chan nước d&ugrave;ng n&oacute;ng, th&ecirc;m ti&ecirc;u, h&agrave;nh ng&ograve;, ớt sa tế, dọn k&egrave;m rau sống.</p>\r\n\r\n<ul>\r\n	<li><img src=\"https://image.cooky.vn/recipe/g6/50764/s240x240/cooky-recipe-637093374484524108.JPG\" /></li>\r\n	<li><img src=\"https://image.cooky.vn/recipe/g6/50764/s240x240/cooky-recipe-637093374489774715.JPG\" /></li>\r\n	<li><img src=\"https://image.cooky.vn/recipe/g6/50764/s240x240/cooky-recipe-637093374479883854.JPG\" /></li>\r\n	<li><img src=\"https://image.cooky.vn/recipe/g6/50764/s240x240/cooky-recipe-637093374494934659.jpg\" /></li>\r\n</ul>\r\n', '<ul>\r\n	<li>M&oacute;ng gi&ograve; heo</li>\r\n	<li>Sả&nbsp;</li>\r\n	<li>Củ sắn</li>\r\n	<li>X&agrave; l&aacute;ch</li>\r\n	<li>Rau m&acirc;m</li>\r\n	<li>Bắp chuối</li>\r\n	<li>B&uacute;n tươi</li>\r\n	<li>H&agrave;nh t&acirc;y</li>\r\n	<li>Thịt nạm b&ograve;</li>\r\n	<li>Rau thơm</li>\r\n</ul>\r\n', 1),
(5, 7, 13, 'Sinh tố chuối dâu tây hạt chia', '2020-12-05 15:23:26', 'Cách làm sinh tố chuối dâu tây hạt chia là sự kết hợp hài hòa giữa vị chua thanh của dâu, ngọt thơm của chuối và hạt chia bỗ dưỡng. Đây là thức uống tốt cho sức khỏe mà bạn nên dùng thường xuyên nhé!', 'Duc126sinh_to_chuoi_dau_tay_hat_chia.jpg', '<p>1.</p>\r\n\r\n<p>Chuối n&ecirc;n chọn chuối ti&ecirc;u sẽ thơm hơn nhiều, đem chuối b&oacute;c vỏ cắt kh&uacute;c ngắn. Đ&acirc;u t&acirc;y bỏ cuốn rửa sạch.</p>\r\n\r\n<p>&nbsp;<img src=\"https://image.cooky.vn/recipe/g3/26669/s240x240/recipe26669-prepare-step1-636510945969913971.jpg\" />&nbsp; &nbsp; &nbsp; &nbsp; &nbsp;&nbsp;<img src=\"https://image.cooky.vn/recipe/g3/26669/s240x240/recipe26669-prepare-step1-636510946031222079.jpg\" />&nbsp;&nbsp;<img src=\"https://image.cooky.vn/recipe/g3/26669/s240x240/recipe26669-prepare-step1-636510946048226109.jpg\" /></p>\r\n\r\n<p>2.</p>\r\n\r\n<p>Cho v&agrave;o m&aacute;y xay sinh tố gồm chuối, d&acirc;u t&acirc;y, hạt chia v&agrave; 250ml sữa tươi, bật m&aacute;y xay nhuyễn mịn tất cả. Nếu th&iacute;ch d&ugrave;ng lạnh c&oacute; thể th&ecirc;m v&agrave;o &iacute;t đ&aacute; b&agrave;o xay c&ugrave;ng nh&eacute;! R&oacute;t sinh tố ra ly v&agrave; thưởng thức ngay th&ocirc;i n&agrave;o!</p>\r\n\r\n<p>&nbsp; &nbsp;<img src=\"https://image.cooky.vn/recipe/g3/26669/s240x240/recipe26669-prepare-step2-636510946980327746.jpeg\" /></p>\r\n', '<ul>\r\n	<li>Chuối&nbsp;</li>\r\n	<li>Hạt chia&nbsp;</li>\r\n	<li>D&acirc;u t&acirc;y&nbsp;</li>\r\n	<li>Sữa c&oacute; đường</li>\r\n</ul>\r\n', 1),
(6, 8, 13, 'Cá hồi kho', '2020-12-05 15:27:40', 'Cá hồi kho kiểu này vừa chắc thịt, vừa thơm thơm. Kho cá hồi với cà chua và nước đường tự thắng mang đến một hương vị ngọt ngào rất mới lạ mà hẳn bạn sẽ còn muốn làm đi làm lại nhiều lần đấy!', 'Duc174ca_hoi_kho.jpg', '<p>C&agrave; chua rửa sạch rồi cắt l&aacute;t. C&aacute; hồi l&agrave;m sạch, thấm kh&ocirc;, rắc muối l&ecirc;n 2 mặt c&aacute; hồi. Gừng, h&agrave;nh t&iacute;m, tỏi l&agrave;m sạch. Cắt l&aacute;t mỏng h&agrave;nh, gừng. Đập giập tỏi. Ớt l&agrave;m sạch rồi rạch bỏ hạt. Th&ecirc;m đường v&agrave; 2 muỗng canh nước v&agrave;o 1 chảo nhỏ, đun lửa nhỏ cho đến khi c&oacute; hỗn hợp s&aacute;nh v&agrave;ng mật ong rồi để ri&ecirc;ng.</p>\r\n\r\n<ul>\r\n	<li><img src=\"https://image.cooky.vn/recipe/g5/44938/s240x240/recipe44938-cook-step1-636824575153047243.jpg\" /></li>\r\n	<li><img src=\"https://image.cooky.vn/recipe/g5/44938/s240x240/recipe44938-cook-step1-636824576870930167.jpg\" /></li>\r\n</ul>\r\n\r\n<p>2.</p>\r\n\r\n<p>Chi&ecirc;n c&aacute; đến khi ch&iacute;n v&agrave;ng trong một c&aacute;i chảo chống d&iacute;nh rồi vớt ra để ri&ecirc;ng. X&agrave;o h&agrave;nh t&iacute;m, gừng, tỏi cho thơm, sau đ&oacute; đặt l&oacute;t dưới đ&aacute;y nồi đất, đặt c&aacute;c l&aacute;t c&agrave; chua l&ecirc;n, tiếp đ&oacute; để c&aacute; hồi l&ecirc;n tr&ecirc;n.</p>\r\n\r\n<ul>\r\n	<li><img src=\"https://image.cooky.vn/recipe/g5/44938/s240x240/recipe44938-cook-step2-636824577402221649.jpg\" /></li>\r\n	<li><img src=\"https://image.cooky.vn/recipe/g5/44938/s240x240/recipe44938-cook-step2-636824577684404460.jpg\" /></li>\r\n</ul>\r\n\r\n<p>3.</p>\r\n\r\n<p>Th&ecirc;m phần nước c&ograve;n lại v&agrave;o nồi, th&ecirc;m nước mắm, sốt caramel đ&atilde; l&agrave;m ở bước 1 v&agrave; ớt v&agrave;o. Đun nhỏ lửa. Rắc th&ecirc;m &iacute;t hạt ti&ecirc;u nữa nh&eacute;. Bạn n&ecirc;m nếm lại cho vừa ăn rồi đun th&ecirc;m 20-30 ph&uacute;t nữa, lật c&aacute; th&ecirc;m 1 2 lần cho thấm gia vị. Đun đến khi nước s&aacute;nh lại th&igrave; tắt bếp.</p>\r\n\r\n<ul>\r\n	<li><img src=\"https://image.cooky.vn/recipe/g5/44938/s240x240/recipe44938-cook-step3-636824578772760795.jpg\" /></li>\r\n	<li><img src=\"https://image.cooky.vn/recipe/g5/44938/s240x240/recipe44938-cook-step3-636824578797010395.jpg\" /></li>\r\n</ul>\r\n\r\n<p>4.</p>\r\n\r\n<p>Bạn m&uacute;c c&aacute; ra ngo&agrave;i v&agrave; thưởng thức với cơm trắng nh&eacute;. Nếu bạn muốn chấm c&ugrave;ng rau sống th&igrave; l&uacute;c kho kh&ocirc;ng kho cạn sệt m&agrave; chừa lại một &iacute;t nước kho để chấm k&egrave;m nh&eacute;.</p>\r\n\r\n<ul>\r\n	<li><img src=\"https://image.cooky.vn/recipe/g5/44938/s240x240/recipe44938-cook-step4-636824578837101833.jpg\" /></li>\r\n	<li><img src=\"https://image.cooky.vn/recipe/g5/44938/s240x240/recipe44938-cook-step4-636824578857414705.jpg\" /></li>\r\n</ul>\r\n', '<ul>\r\n	<li>C&aacute; hồi&nbsp;</li>\r\n	<li>Muối&nbsp;</li>\r\n	<li>Gừng&nbsp;</li>\r\n	<li>Tỏi</li>\r\n	<li>H&agrave;nh t&iacute;m</li>\r\n	<li>Ớt&nbsp;</li>\r\n	<li>Nước</li>\r\n	<li>Nước Mắm&nbsp;</li>\r\n	<li>Đường trắng</li>\r\n	<li>C&agrave; chua</li>\r\n</ul>\r\n', 1),
(7, 3, 13, 'Bánh phở xào gà', '2020-12-05 15:33:43', 'Món bánh phở xào gà là món ăn lý tưởng để khởi đầu ngày mới. Món ăn vừa có tinh bột, protein, lại đầy đủ các loại rau củ quả cung cấp chất xơ và vitamin cho cơ thể. Nguyên liệu dùng để chế biến món ăn', 'Duc199banh_pho_xao_ga.jpg', '<p>1.</p>\r\n\r\n<p>B&aacute;nh phở rửa với nước cho mềm. Sơ chế c&aacute;c nguy&ecirc;n liệu rau củ. Ướp thịt g&agrave; th&aacute;i l&aacute;t với nước tương, tinh bột khoai t&acirc;y rồi trộn đều. Phần nước sốt cho v&agrave;o b&aacute;t h&ograve;a tan.</p>\r\n\r\n<ul>\r\n	<li><img src=\"https://image.cooky.vn/recipe/g3/23870/s240x240/recipe23870-prepare-step1-636461948110713775.jpg\" /></li>\r\n</ul>\r\n\r\n<p>2.</p>\r\n\r\n<p>Đun n&oacute;ng chảo sau đ&oacute; cho 15ml dầu ăn v&agrave;o l&aacute;ng đều mặt chảo. Th&ecirc;m thịt g&agrave; đ&atilde; ướp v&agrave;o x&agrave;o cho đến khi g&agrave; x&eacute;m cạnh rồi cho g&agrave; ra t&ocirc;.</p>\r\n\r\n<ul>\r\n	<li><img src=\"https://image.cooky.vn/recipe/g3/23870/s240x240/recipe23870-prepare-step2-636461948207433944.jpg\" /></li>\r\n</ul>\r\n\r\n<p>3.</p>\r\n\r\n<p>Dầu ăn c&ograve;n lại trong chảo th&igrave; cho tỏi v&agrave;o x&agrave;o thơm. Đập trứng v&agrave;o đ&aacute;nh tơi.</p>\r\n\r\n<ul>\r\n	<li><img src=\"https://image.cooky.vn/recipe/g3/23870/s240x240/recipe23870-prepare-step3-636461948346586189.jpg\" /></li>\r\n</ul>\r\n\r\n<p>4.</p>\r\n\r\n<p>Khi trứng ch&iacute;n, cho th&ecirc;m 15ml dầu ăn v&agrave;o chảo, th&ecirc;m h&agrave;nh t&acirc;y, bắp non, ớt chu&ocirc;ng, c&agrave; rốt v&agrave; hạt ti&ecirc;u xanh v&agrave;o đảo chung, x&agrave;o cho h&agrave;nh t&acirc;y vừa ch&iacute;n tới.</p>\r\n\r\n<ul>\r\n	<li><img src=\"https://image.cooky.vn/recipe/g3/23870/s240x240/recipe23870-prepare-step4-636461948416942312.jpg\" /></li>\r\n</ul>\r\n\r\n<p>5.</p>\r\n\r\n<p>Cho b&aacute;nh phở v&agrave;o x&agrave;o chung. Th&ecirc;m phần nước sốt đ&atilde; h&ograve;a tan gồm 15ml nước mắm, 15ml dầu h&agrave;o, 5ml giấm gạo, 1 th&igrave;a đường v&agrave;o x&agrave;o cho đến khi c&aacute;c nguy&ecirc;n liệu thấm sốt.</p>\r\n\r\n<ul>\r\n	<li><img src=\"https://image.cooky.vn/recipe/g3/23870/s240x240/recipe23870-prepare-step5-636461948494630449.jpg\" /></li>\r\n	<li><img src=\"https://image.cooky.vn/recipe/g3/23870/s240x240/recipe23870-prepare-step5-636461948495254450.jpg\" /></li>\r\n</ul>\r\n', '<ul>\r\n	<li>B&aacute;nh phở&nbsp;</li>\r\n	<li>Ức g&agrave;&nbsp;</li>\r\n	<li>Nước tương</li>\r\n	<li>Bột bắp</li>\r\n	<li>Nước mắm</li>\r\n	<li>Dầu h&agrave;o</li>\r\n	<li>Giấm</li>\r\n	<li>Đường trắng</li>\r\n	<li>Dầu ăn&nbsp;</li>\r\n	<li>Tỏi</li>\r\n	<li>Trứng g&agrave;</li>\r\n	<li>H&agrave;nh T&acirc;y&nbsp;</li>\r\n	<li>Bắp non&nbsp;</li>\r\n	<li>C&agrave; rốt Hạt Ti&ecirc;u</li>\r\n	<li>Ớt chu&ocirc;ng</li>\r\n	<li>C&agrave; chua&nbsp;</li>\r\n	<li>H&ugrave;ng quế</li>\r\n</ul>\r\n', 1),
(9, 4, 9, 'Đậu Hũ Non', '2020-12-09 13:23:18', 'Nấm hương không chỉ thơm ngọt mà còn rất bổ dưỡng với nhiều vitamin và khoáng chất. Đặc biệt, bạn có thể dễ dàng kết hợp, chế biến nấm hương cùng nhiều nguyên liệu khác để mang đến những món ngon bổ d', 'phung49dau_hu_non_om_nam_huong.jpg', '<p>1.</p>\r\n\r\n<p>L&agrave;m 30ml n&oacute;ng dầu trong chảo rồi cho h&agrave;nh v&agrave;o phi thơm. Sau đ&oacute; lần lượt cho v&agrave;o chảo: gừng, c&agrave; rốt, nấm hương. X&agrave;o nhanh với lửa lớn.</p>\r\n\r\n<ul>\r\n	<li><img src=\"https://image.cooky.vn/recipe/g2/17491/s240x240/recipe17491-prepare-step1-636032302435792343.jpg\" /></li>\r\n	<li><img src=\"https://image.cooky.vn/recipe/g2/17491/s240x240/recipe17491-prepare-step1-636032302450768369.jpg\" /></li>\r\n</ul>\r\n\r\n<p>2.</p>\r\n\r\n<p>Đậu hũ non rửa sạch v&agrave; cắt khoanh nhỏ. Sau đ&oacute;, xếp c&aacute;c khoanh đậu đ&atilde; cắt v&agrave;o nồi om nhỏ.</p>\r\n\r\n<ul>\r\n	<li><img src=\"https://image.cooky.vn/recipe/g2/17491/s240x240/recipe17491-cook-step1-636032301241454245.jpg\" /></li>\r\n</ul>\r\n\r\n<p>3.</p>\r\n\r\n<p>Nấm hương bỏ cuống v&agrave; kh&iacute;a mặt nấm l&agrave;m 4 để nấm thấm gia vị. Th&aacute;i nhỏ c&agrave; rốt, gừng v&agrave; h&agrave;nh t&iacute;m. C&agrave; rốt tỉa hoa rồi cắt l&aacute;t mỏng.</p>\r\n\r\n<ul>\r\n	<li><img src=\"https://image.cooky.vn/recipe/g2/17491/s240x240/recipe17491-cook-step2-636032301979023541.jpg\" /></li>\r\n	<li><img src=\"https://image.cooky.vn/recipe/g2/17491/s240x240/recipe17491-cook-step2-636032302132371810.jpg\" /></li>\r\n	<li><img src=\"https://image.cooky.vn/recipe/g2/17491/s240x240/recipe17491-cook-step2-636032302146567835.jpg\" /></li>\r\n</ul>\r\n\r\n<p>4.</p>\r\n\r\n<p>Cho th&ecirc;m rượu gạo v&agrave;o, đảo đều. N&ecirc;m 2 muỗng c&agrave; ph&ecirc; hạt n&ecirc;m chay, 1/2 muỗng canh dầu h&agrave;o chay v&agrave; 1/4 muỗng c&agrave; ph&ecirc; ti&ecirc;u.</p>\r\n\r\n<ul>\r\n	<li><img src=\"https://image.cooky.vn/recipe/g2/17491/s240x240/recipe17491-prepare-step2-636032302980545300.jpg\" /></li>\r\n	<li><img src=\"https://image.cooky.vn/recipe/g2/17491/s240x240/recipe17491-prepare-step2-636032303027189382.jpg\" /></li>\r\n</ul>\r\n\r\n<p>5.</p>\r\n\r\n<p>Cho bột bắp (đ&atilde; ho&agrave; với 1 ch&eacute;n nước) v&agrave;o chảo, đảo đều cho hỗn hợp hơi sệt lại rồi tắt bếp. Rưới hỗn hợp đ&atilde; x&agrave;o l&ecirc;n nồi đậu hũ non. Om nồi đậu hũ trong khoảng 15 ph&uacute;t để đậu thấm gia vị rồi tắt bếp.</p>\r\n\r\n<ul>\r\n	<li><img src=\"https://image.cooky.vn/recipe/g2/17491/s240x240/recipe17491-prepare-step3-636032303232641743.jpg\" /></li>\r\n	<li><img src=\"https://image.cooky.vn/recipe/g2/17491/s240x240/recipe17491-prepare-step3-636032303874426870.jpg\" /></li>\r\n</ul>\r\n\r\n<p>6.</p>\r\n\r\n<p>Cho ra đĩa, trang tr&iacute; th&ecirc;m với ng&ograve; v&agrave; ti&ecirc;u, thưởng thức ngay với cơm n&oacute;ng nh&eacute;!</p>\r\n\r\n<ul>\r\n	<li><img src=\"https://image.cooky.vn/recipe/g2/17491/s240x240/recipe17491-prepare-step4-636032303840730811.jpg\" /></li>\r\n</ul>\r\n', '<ul>\r\n	<li>Đậu hũ non&nbsp;</li>\r\n	<li>Nấm hương&nbsp;</li>\r\n	<li>C&agrave; rốt&nbsp;</li>\r\n	<li>Rượu trắng</li>\r\n	<li>Gừng</li>\r\n	<li>H&agrave;nh t&iacute;m</li>\r\n	<li>D&acirc;u h&agrave;o</li>\r\n	<li>Hạt n&ecirc;m chay</li>\r\n	<li>Bột bắp&nbsp;</li>\r\n	<li>Ng&ograve; r&iacute;</li>\r\n	<li>Dầu ăn&nbsp;</li>\r\n	<li>Ti&ecirc;u</li>\r\n</ul>\r\n', 1),
(10, 4, 9, 'Đậu Hủ Kho Rau của chay', '2020-12-09 14:07:39', 'món chay vì nó nấu rất đơn giản và nhanh gọn lẹ lắm nè.', 'phung95dau_hu_kho_rau_cu_chay.jfif', '<p>1.</p>\r\n\r\n<p>Đậu hủ cắt kh&uacute;c nhỏ vừa ăn. C&agrave; rốt v&agrave; củ cải trắng gọt vỏ, rửa sạch cắt kh&uacute;c nhỏ vừa ăn. Đậu que cắt bỏ hai đầu rửa sạch cắt l&agrave;m đ&ocirc;i. Bắp non rửa sạch để nguy&ecirc;n tr&aacute;i. Thơm gọt vỏ rửa sạch cắt miếng vừa ăn l&agrave; được. Hỗn hợp nước tương, đường, bột ngọt, hạt n&ecirc;m chay trộn đều với nhau.</p>\r\n\r\n<ul>\r\n	<li><img src=\"https://image.cooky.vn/recipe/g6/51234/s240x240/cooky-recipe-637117554313496011.jpg\" /></li>\r\n	<li><img src=\"https://image.cooky.vn/recipe/g6/51234/s240x240/cooky-recipe-637117554314121183.jpg\" /></li>\r\n</ul>\r\n\r\n<p>2.</p>\r\n\r\n<p>Bắt chảo l&ecirc;n bếp cho dầu ăn v&agrave;o cho n&oacute;ng rồi chi&ecirc;n sơ đậu hủ cho v&agrave;ng đều rồi cho hỗn hợp nước tương đường bột ngọt hạt n&ecirc;m chay v&agrave;o chảo kho. Lắc chảo nhẹ để cho đậu hủ thấm đều gia vị rồi cho nước Dừa Tươi v&agrave;o kho tiếp khi chảo đậu hủ s&ocirc;i trở lại th&igrave; cho c&agrave; rốt v&agrave; củ cải v&agrave;o kho trước kho tầm 15 ph&uacute;t th&igrave; củ vừa ch&iacute;n tới mới cho đậu que, bắp non, thơm v&agrave;o sau c&ugrave;ng kho th&ecirc;m 10 ph&uacute;t l&agrave; được th&igrave; ta tắt bếp.</p>\r\n\r\n<ul>\r\n	<li><img src=\"https://image.cooky.vn/recipe/g6/51234/s240x240/cooky-recipe-637117557694214528.jpg\" /></li>\r\n	<li><img src=\"https://image.cooky.vn/recipe/g6/51234/s240x240/cooky-recipe-637117557694527023.jpg\" /></li>\r\n	<li><img src=\"https://image.cooky.vn/recipe/g6/51234/s240x240/cooky-recipe-637117557694839529.jpg\" /></li>\r\n</ul>\r\n\r\n<p>3.</p>\r\n\r\n<p>Đậu hũ kho rau củ ch&aacute;y đ&atilde; ho&agrave;n th&agrave;nh. M&oacute;n chay với m&ugrave;i hương thơm lừng, miếng đậu mềm b&eacute;o kết hợp c&ugrave;ng rau củ b&ugrave;i b&ugrave;i, đảm bảo ăn k&egrave;m cơm n&oacute;ng sẽ rất ngon miệng đấy nh&eacute;.</p>\r\n\r\n<ul>\r\n	<li><img src=\"https://image.cooky.vn/recipe/g6/51234/s240x240/recipe51234-cook-step3-637117579423342396.jpg\" /></li>\r\n	<li><img src=\"https://image.cooky.vn/recipe/g6/51234/s240x240/recipe51234-cook-step3-637117579596664951.jpg\" /></li>\r\n</ul>\r\n', '<ul>\r\n	<li>Đậu hũ chi&ecirc;n&nbsp;</li>\r\n	<li>C&agrave; rốt</li>\r\n	<li>Củ cải trắng</li>\r\n	<li>Đậu que</li>\r\n	<li>Bắp non</li>\r\n	<li>Nước tương</li>\r\n	<li>Đường trắngR</li>\r\n	<li>Hạt n&ecirc;m knorr</li>\r\n	<li>Bột ngọt</li>\r\n	<li>Nước cốt dừa</li>\r\n	<li>Dầu ăn</li>\r\n	<li>Thơm</li>\r\n</ul>\r\n', 1),
(11, 5, 9, 'Bánh sữa chưa xoài', '2020-12-09 13:44:06', 'Bánh sữa chua xoài là món ăn ngon tráng miệng rất tuyệt vời. Không cần dùng lò nướng, chỉ với một chiếc máy xay thực phẩm hoạt động tốt, bạn có thể triển ngay món bánh sữa chua xoài thơm ngon khó cưỡn', 'phung57banh_sua_chua_xoai.jpeg', '<p>1.</p>\r\n\r\n<p>Nghiền mịn b&aacute;nh quy oreo rồi đổ b&aacute;nh oreo v&agrave;o khu&ocirc;n tr&ograve;n c&oacute; đường k&iacute;nh 15cm (khoảng 6 inch). Trộn b&aacute;nh oreo nghiền với bơ tan chảy, &eacute;p dưới đ&aacute;y khu&ocirc;n v&agrave; đặt trong tủ lạnh trong 10 ph&uacute;t. Cho 300g thịt xo&agrave;i, 300g sữa chua v&agrave; 20g đường trắng v&agrave;o m&aacute;y xay thực phẩm, bật m&aacute;y xay nhuyễn mịn.</p>\r\n\r\n<ul>\r\n	<li><img src=\"https://image.cooky.vn/recipe/g5/46960/s240x240/recipe46960-cook-step1-636897997457627697.jpeg\" /></li>\r\n	<li><img src=\"https://image.cooky.vn/recipe/g5/46960/s240x240/recipe46960-cook-step1-636897997474034137.jpeg\" /></li>\r\n</ul>\r\n\r\n<p>2.</p>\r\n\r\n<p>Ng&acirc;m gelatine trong nước lạnh cho mềm. Sau đ&oacute; cho gelatine v&agrave;o nồi, th&ecirc;m 70ml sữa tươi v&agrave; đun s&ocirc;i cho gelatine tan. Đổ hỗn hợp sữa chua xo&agrave;i v&agrave;o sữa tươi gelatine v&agrave; trộn đều. Cuối c&ugrave;ng, đổ hỗn hợp l&agrave;m b&aacute;nh sữa chua xo&agrave;i v&agrave;o khu&ocirc;n với đ&aacute;y b&aacute;nh quy, trang tr&iacute; d&acirc;u t&acirc;y v&agrave; đặt b&aacute;nh trong tủ lạnh trong hơn 4 giờ trước khi d&ugrave;ng.</p>\r\n\r\n<ul>\r\n	<li><img src=\"https://image.cooky.vn/recipe/g5/46960/s240x240/recipe46960-cook-step2-636897998670534449.jpeg\" /></li>\r\n</ul>\r\n\r\n<p>3.</p>\r\n\r\n<p>Thế l&agrave; b&aacute;nh sữa chua xo&agrave;i đ&atilde; ho&agrave;n tất v&agrave; sẵn s&agrave;ng măm măm rồi nh&eacute;. Vị chua chua, ngọt ngọt v&agrave; b&eacute;o ngon kh&oacute; cưỡng của b&aacute;nh sữa chua xo&agrave;i chắc chắn sẽ khiến bạn v&agrave; cả nh&agrave; nghiện ngay trong lần d&ugrave;ng thử đầu ti&ecirc;n đấy.</p>\r\n\r\n<ul>\r\n	<li><img src=\"https://image.cooky.vn/recipe/g5/46960/s240x240/recipe46960-cook-step3-636897998819873797.jpeg\" /></li>\r\n	<li><img src=\"https://image.cooky.vn/recipe/g5/46960/s240x240/recipe46960-cook-step3-636897998819248293.jpeg\" /></li>\r\n</ul>\r\n', '<ul>\r\n	<li>Xo&agrave;i ch&iacute;n</li>\r\n	<li>Sữa chua</li>\r\n	<li>Sữa tươi</li>\r\n	<li>Bơ</li>\r\n	<li>Đường trắng</li>\r\n	<li>B&aacute;nh oreo</li>\r\n	<li>l&aacute; Gelatine</li>\r\n	<li>D&acirc;u t&acirc;y</li>\r\n</ul>\r\n', 1),
(13, 8, 11, 'Cá Nục kho cà chua', '2020-12-13 14:42:47', 'Thịt cá chiên vàng thơm, ngon được sốt cùng cà chua và dứa (Thơm), tạo vị ngọt ngọt, chua chua sẽ là món ăn mặn rất đưa cơm đấy! Thay vì suốt ngày ăn thịt, bạn hãy làm mới bữa cơm gia đình bằng món ăn', 'hipro172ca_nuc_kho_ca_chua.jpg', '<p>1.</p>\r\n\r\n<p>C&aacute; nục rửa sạch, cắt bỏ ruột rồi cắt kh&uacute;c vừa ăn, để r&aacute;o. N&ecirc;n chọn những con c&aacute; nục c&ograve;n tươi v&igrave; như vậy khi nấu sẽ ngon hơn.</p>\r\n\r\n<ul>\r\n	<li><img src=\"https://image.cooky.vn/recipe/g1/8759/s240x240/recipe8759-cook-step1-635636577990010655.jpg\" /></li>\r\n</ul>\r\n\r\n<p>2.</p>\r\n\r\n<p>L&agrave;m n&oacute;ng dầu ăn trong chảo, cho c&aacute; nục v&agrave;o, chi&ecirc;n v&agrave;ng gi&ograve;n. Thỉnh thoảng lật đều 2 mặt để c&aacute; ch&iacute;n đều, gắp c&aacute; ra, để r&aacute;o dầu.</p>\r\n\r\n<ul>\r\n	<li><img src=\"https://image.cooky.vn/recipe/g1/8759/s240x240/recipe8759-prepare-step1-635636580824535634.jpg\" /></li>\r\n</ul>\r\n\r\n<p>3.</p>\r\n\r\n<p>C&agrave; chua rửa sạch, cắt th&agrave;nh kh&uacute;c. Thơm cắt vỏ, bỏ mắt tr&aacute;i thơm, cắt th&agrave;nh miếng vừa ăn.</p>\r\n\r\n<ul>\r\n	<li><img src=\"https://image.cooky.vn/recipe/g1/8759/s240x240/recipe8759-cook-step2-635636580107558374.jpg\" /></li>\r\n	<li><img src=\"https://image.cooky.vn/recipe/g1/8759/s240x240/recipe8759-cook-step2-635636580126590408.jpg\" /></li>\r\n</ul>\r\n\r\n<p>4.</p>\r\n\r\n<p>Tiếp tục d&ugrave;ng chảo đ&oacute;, cho c&agrave; chua v&agrave;o x&agrave;o. Sau đ&oacute;, cho c&aacute; nục đ&atilde; chi&ecirc;n, thơm v&agrave;o c&ugrave;ng. N&ecirc;m gia vị nước mắm, hạt n&ecirc;m, đường trắng, ti&ecirc;u v&agrave;o, nấu th&ecirc;m 10 ph&uacute;t.</p>\r\n\r\n<ul>\r\n	<li><img src=\"https://image.cooky.vn/recipe/g1/8759/s240x240/recipe8759-prepare-step2-635636583989937193.jpg\" /></li>\r\n	<li><img src=\"https://image.cooky.vn/recipe/g1/8759/s240x240/recipe8759-prepare-step2-635636584037673277.jpg\" /></li>\r\n</ul>\r\n\r\n<p>5.</p>\r\n\r\n<p>Cho m&oacute;n ăn ra đĩa, th&ecirc;m ớt v&agrave;o nếu muốn ăn cay nh&eacute;. M&ugrave;i thơm của c&aacute; kết hợp với c&aacute;c nguy&ecirc;n liệu c&ograve;n lại rất l&ocirc;i cuốn v&agrave; ngon n&egrave;. Bạn đ&atilde; thử chưa?</p>\r\n\r\n<ul>\r\n	<li><img src=\"https://image.cooky.vn/recipe/g1/8759/s240x240/recipe8759-prepare-step3-635636583659684613.jpg\" /></li>\r\n</ul>\r\n', '<ul>\r\n	<li>C&aacute; nục</li>\r\n	<li>C&agrave; chua</li>\r\n	<li>Thơm&nbsp;</li>\r\n	<li>Dầu ăn&nbsp;</li>\r\n	<li>Nước mắm&nbsp;</li>\r\n	<li>Hạt n&ecirc;m&nbsp;</li>\r\n	<li>Ti&ecirc;u</li>\r\n</ul>\r\n', 1),
(14, 7, 11, 'Trà dâu bụp giấm', '2020-12-13 14:42:49', 'Không cần tốn nhiều thời gian và công sức, bạn cũng sẽ có được những ly trà dâu mát lạnh để giải nhiệt. Với vị chua dịu và mùi thơm của bụp giấm sẽ làm cho món trà dâu của bạn thêm phần đặc biệt.', 'hipro168tra_dau_bup_giam.jpg', '<p>1.</p>\r\n\r\n<p>Bạn cho hoa bụp giấm kh&ocirc; v&agrave; tr&agrave; xanh t&uacute;i lọc v&agrave;o ly (b&igrave;nh), chế 600ml nước s&ocirc;i v&agrave;o h&atilde;m tr&agrave; trong 5 ph&uacute;t. Sau đ&oacute; bạn bỏ t&uacute;i tr&agrave; v&agrave; hoa bụp giấm ra v&agrave; để tr&agrave; nguội. Bạn cũng c&oacute; thể pha tr&agrave; trước v&agrave; để trong tủ lạnh nh&eacute;.</p>\r\n\r\n<ul>\r\n	<li><img src=\"https://image.cooky.vn/recipe/g4/30784/s240x240/cooky-recipe-636618969244803190.jpg\" /></li>\r\n	<li><img src=\"https://image.cooky.vn/recipe/g4/30784/s240x240/cooky-recipe-636618969194883102.jpg\" /></li>\r\n	<li><img src=\"https://image.cooky.vn/recipe/g4/30784/s240x240/cooky-recipe-636618969209859129.jpg\" /></li>\r\n</ul>\r\n\r\n<p>2.</p>\r\n\r\n<p>D&acirc;u t&acirc;y bạn rửa sạch, cắt bỏ phần cuống v&agrave; cắt th&agrave;nh những miếng nhỏ vừa ăn. H&uacute;ng lũi rửa sạch, chọn những đọt non, cắt chanh th&agrave;nh những l&aacute;t mỏng để cho phần trang tr&iacute;.</p>\r\n\r\n<ul>\r\n	<li><img src=\"https://image.cooky.vn/recipe/g4/30784/s240x240/cooky-recipe-636618969326547334.jpg\" /></li>\r\n	<li><img src=\"https://image.cooky.vn/recipe/g4/30784/s240x240/cooky-recipe-636618969372411414.jpg\" /></li>\r\n</ul>\r\n\r\n<p>3.</p>\r\n\r\n<p>Chuẩn bị 6 ly, cho v&agrave;o mỗi ly 50gr d&acirc;u t&acirc;y v&agrave; 30gr đường c&aacute;t trắng. D&ugrave;ng th&igrave;a hoặc cối gi&atilde; dằm cho d&acirc;u n&aacute;t v&agrave; đường tan hết.</p>\r\n\r\n<ul>\r\n	<li><img src=\"https://image.cooky.vn/recipe/g4/30784/s240x240/cooky-recipe-636618969776296124.jpg\" /></li>\r\n	<li><img src=\"https://image.cooky.vn/recipe/g4/30784/s240x240/cooky-recipe-636618969673647943.jpg\" /></li>\r\n	<li><img src=\"https://image.cooky.vn/recipe/g4/30784/s240x240/cooky-recipe-636618969765220104.jpg\" /></li>\r\n	<li><img src=\"https://image.cooky.vn/recipe/g4/30784/s240x240/cooky-recipe-636618969754768086.jpg\" /></li>\r\n</ul>\r\n\r\n<p>4.</p>\r\n\r\n<p>Cho đ&aacute; v&agrave;o ly, r&oacute;t nước tr&agrave; bụp giấm v&agrave;o ly. Sau c&ugrave;ng trang tr&iacute; th&ecirc;m với h&uacute;ng lũi, chanh v&agrave; một &iacute;t d&acirc;u t&acirc;y.</p>\r\n\r\n<ul>\r\n	<li><img src=\"https://image.cooky.vn/recipe/g4/30784/s240x240/cooky-recipe-636618970000312517.jpg\" /></li>\r\n	<li><img src=\"https://image.cooky.vn/recipe/g4/30784/s240x240/cooky-recipe-636618969974728472.jpg\" /></li>\r\n	<li><img src=\"https://image.cooky.vn/recipe/g4/30784/s240x240/cooky-recipe-636618969974260471.jpg\" /></li>\r\n	<li><img src=\"https://image.cooky.vn/recipe/g4/30784/s240x240/cooky-recipe-636618969984556489.jpg\" /></li>\r\n</ul>\r\n\r\n<p>5.</p>\r\n\r\n<p>Chỉ với những thao t&aacute;c đơn giản, bạn đ&atilde; ho&agrave;n th&agrave;nh được 6 ly tr&agrave; d&acirc;u t&acirc;y m&aacute;t rượi. Vị thơm của d&acirc;u t&acirc;y v&agrave; vị chua thanh tho&aacute;t từ bụp giấm sẽ l&agrave;m giảm nhiệt cho buổi trưa h&egrave; n&oacute;ng nực của bạn. M&oacute;n n&agrave;y cũng rất ph&ugrave; hợp để chuẩn bị cho một bữa tiệc gia đ&igrave;nh nữa đ&oacute;.</p>\r\n\r\n<ul>\r\n	<li><img src=\"https://image.cooky.vn/recipe/g4/30784/s240x240/cooky-recipe-636618986056640718.jpg\" /></li>\r\n	<li><img src=\"https://image.cooky.vn/recipe/g4/30784/s240x240/cooky-recipe-636618970404821227.jpg\" /></li>\r\n	<li><img src=\"https://image.cooky.vn/recipe/g4/30784/s240x240/cooky-recipe-636618970429937272.jpg\" /></li>\r\n	<li><img src=\"https://image.cooky.vn/recipe/g4/30784/s240x240/cooky-recipe-636618970373465172.jpg\" /></li>\r\n</ul>\r\n', '<ul>\r\n	<li>Tr&agrave; t&uacute;i lọc</li>\r\n	<li>Bụp giấm</li>\r\n	<li>D&acirc;u t&acirc;y</li>\r\n	<li>Đường trắng</li>\r\n</ul>\r\n', 1),
(15, 7, 11, 'Cà Phệ Dalgona', '2020-12-13 14:41:45', 'Cách làm khá đơn giản với những nguyên liệu dễ tìm. Còn chần chừ gì mà không làm ngay cho mình một cốc cà phê Dalgona thơm ngon.', 'hipro125Ca_phe_Dalgona.jpg', '<p>1.</p>\r\n\r\n<p>Cho 4 th&igrave;a c&agrave; ph&ecirc;, 4 th&igrave;a đường v&agrave; 4 th&igrave;a nước đun s&ocirc;i v&agrave;o t&ocirc;.</p>\r\n\r\n<ul>\r\n	<li><img src=\"https://image.cooky.vn/recipe/g6/52838/s240x240/cooky-recipe-637216324057822982.jpg\" /></li>\r\n	<li><img src=\"https://image.cooky.vn/recipe/g6/52838/s240x240/cooky-recipe-637216324981206714.jpg\" /></li>\r\n</ul>\r\n\r\n<p>2.</p>\r\n\r\n<p>D&ugrave;ng m&aacute;y đ&aacute;nh trứng đ&aacute;nh b&ocirc;ng c&agrave; ph&ecirc; đến khi c&agrave; ph&ecirc; cứng l&ecirc;n</p>\r\n\r\n<ul>\r\n	<li><img src=\"https://image.cooky.vn/recipe/g6/52838/s240x240/cooky-recipe-637216331858983067.jpg\" /></li>\r\n	<li><img src=\"https://image.cooky.vn/recipe/g6/52838/s240x240/cooky-recipe-637216331859295602.jpg\" /></li>\r\n	<li><img src=\"https://image.cooky.vn/recipe/g6/52838/s240x240/cooky-recipe-637216331861675067.jpg\" /></li>\r\n</ul>\r\n\r\n<p>3.</p>\r\n\r\n<p>R&oacute;t 150ml sữa tươi v&agrave;o cốc</p>\r\n\r\n<ul>\r\n	<li><img src=\"https://image.cooky.vn/recipe/g6/52838/s240x240/cooky-recipe-637216333527712609.jpg\" /></li>\r\n</ul>\r\n\r\n<p>4.</p>\r\n\r\n<p>Cho c&agrave; ph&ecirc; đ&atilde; đ&aacute;nh cứng v&agrave;o. Vậy l&agrave; bạn đ&atilde; ho&agrave;n th&agrave;nh rồi.</p>\r\n\r\n<ul>\r\n	<li><img src=\"https://image.cooky.vn/recipe/g6/52838/s240x240/cooky-recipe-637216334166140198.jpg\" /></li>\r\n	<li><img src=\"https://image.cooky.vn/recipe/g6/52838/s240x240/cooky-recipe-637216334166089515.jpg\" /></li>\r\n</ul>\r\n', '<ul>\r\n	<li>C&agrave; ph&ecirc;</li>\r\n	<li>Đường&nbsp;</li>\r\n	<li>Nước đun s&ocirc;i&nbsp;</li>\r\n	<li>Sữa tươi</li>\r\n</ul>\r\n', 1),
(16, 7, 11, ' Cà phê sũa nóng', '2020-12-13 14:41:43', 'Cà phê sữa nóng là món đồ uống ngon, dễ làm và rất được ưa chuộng', 'hipro140ca_phe_sua_nong.jpg', '<p>1.</p>\r\n\r\n<p>Đun s&ocirc;i nước. Cho 2 muỗng canh bột c&agrave; ph&ecirc; v&agrave;o phin, lắc nhẹ để c&agrave; ph&ecirc; trải đều khắp phin. Đặt tấm lọc của phin c&agrave; ph&ecirc; v&agrave;o, ấn nhẹ. Khi nước s&ocirc;i, cho 1 muỗng canh nước v&agrave;o phin để l&agrave;m ẩm c&agrave; ph&ecirc; v&agrave; l&agrave;m c&agrave; ph&ecirc; nở ra.</p>\r\n\r\n<ul>\r\n	<li><img src=\"https://image.cooky.vn/recipe/g5/44686/s240x240/recipe44686-cook-step1-636814426653552437.jpg\" /></li>\r\n	<li><img src=\"https://image.cooky.vn/recipe/g5/44686/s240x240/recipe44686-cook-step1-636814436851493379.jpg\" /></li>\r\n</ul>\r\n\r\n<p>2.</p>\r\n\r\n<p>C&aacute;ch pha c&agrave; ph&ecirc; sữa n&oacute;ng ngon: T&ugrave;y v&agrave;o sở th&iacute;ch uống c&agrave; ph&ecirc; sữa n&oacute;ng đắng hay ngọt m&agrave; bạn cho lượng sữa đặc ph&ugrave; hợp v&agrave;o ly. Đặt phin c&agrave; ph&ecirc; l&ecirc;n ly sữa. R&oacute;t từ từ phần nước s&ocirc;i c&ograve;n lại v&agrave;o phin. Đậy nắp phin lại để c&agrave; ph&ecirc; được ủ n&oacute;ng. Bạn xem thấy c&agrave; ph&ecirc; nhỏ khoảng 1-2 giọt 1 lần l&agrave; vừa.</p>\r\n\r\n<ul>\r\n	<li><img src=\"https://image.cooky.vn/recipe/g5/44686/s240x240/recipe44686-cook-step2-636814436799507970.jpg\" /></li>\r\n	<li><img src=\"https://image.cooky.vn/recipe/g5/44686/s240x240/recipe44686-cook-step2-636814436816898432.jpg\" /></li>\r\n</ul>\r\n\r\n<p>3.</p>\r\n\r\n<p>Sau khi c&agrave; ph&ecirc; đ&atilde; nhỏ ho&agrave;n to&agrave;n, bạn đ&atilde; được ly c&agrave; ph&ecirc; sữa n&oacute;ng hay c&ograve;n gọi l&agrave; bạc xỉu. Bạn c&oacute; thể d&ugrave;ng c&agrave; ph&ecirc; sữa n&oacute;ng hay th&ecirc;m đ&aacute; vi&ecirc;n t&ugrave;y th&iacute;ch nh&eacute;. Uống c&agrave; ph&ecirc; đ&atilde; trở th&agrave;nh th&oacute;i quen hằng ng&agrave;y của người S&agrave;i G&ograve;n. Nay với c&aacute;ch pha c&agrave; ph&ecirc; ngon l&agrave;nh n&agrave;y, bạn đ&atilde; c&oacute; thể tự tay l&agrave;m 1 ly c&agrave; ph&ecirc; sữa n&oacute;ng si&ecirc;u hấp dẫn cho m&igrave;nh m&agrave; kh&ocirc;ng cần ra h&agrave;ng qu&aacute;n mua nữa rồi nh&eacute;!</p>\r\n\r\n<ul>\r\n	<li><img src=\"https://image.cooky.vn/recipe/g5/44686/s240x240/recipe44686-cook-step3-636814436919302287.jpg\" /></li>\r\n</ul>\r\n', '<ul>\r\n	<li>Bột c&agrave; ph&ecirc;</li>\r\n	<li>Sữa đặc&nbsp;</li>\r\n	<li>Nước s&ocirc;i&nbsp;</li>\r\n</ul>\r\n', 1),
(17, 7, 11, 'Trà gừng chanh ', '2020-12-13 14:41:39', 'Mình nghe nói uống nước gừng ấm có thể ngừa covid-19. Mình không biết thông tin này chính xác không nhưng biết chắc chanh và gừng đều là vị thuốc có thể dùng để giải cảm, tốt cho sức khỏe.', 'hipro83tra_gung_chanh.jpg', '<p>1.</p>\r\n\r\n<p>Chanh cắt l&aacute;t như h&igrave;nh hoặc cắt khoanh tr&ograve;n cho đẹp. Gừng cắt l&aacute;t mỏng</p>\r\n\r\n<ul>\r\n	<li><img src=\"https://image.cooky.vn/recipe/g5/49698/s240x240/cooky-recipe-637210598906181998.jpg\" /></li>\r\n</ul>\r\n\r\n<p>2.</p>\r\n\r\n<p>Cho gừng v&agrave;o nước v&agrave; đun s&ocirc;i.( C&oacute; thể đun s&ocirc;i nước bằng ấm điện rồi cho v&agrave;o c&ugrave;ng gừng, rất nhanh gọn lẹ). Đun s&ocirc;i khoảng 3 phút cho gừng ra hết tinh chất rồi cho đường v&agrave;ng. C&oacute; thể tăng giảm lượng đường t&ugrave;y khẩu vị từng người. D&ugrave;ng đường v&agrave;ng sẽ cho m&agrave;u đẹp hơn đường trắng nha.</p>\r\n\r\n<ul>\r\n	<li><img src=\"https://image.cooky.vn/recipe/g5/49698/s240x240/cooky-recipe-637210607827462233.jpg\" /></li>\r\n	<li><img src=\"https://image.cooky.vn/recipe/g5/49698/s240x240/cooky-recipe-637210607837935580.jpg\" /></li>\r\n</ul>\r\n\r\n<p>3.</p>\r\n\r\n<p>Khuấy tan đường. Chờ nước s&ocirc;i lại, tắt bếp, cho chanh v&agrave;o, khuấy nhẹ. Để nguy&ecirc;n nồi như vậy khoảng 5 phút cho chanh ngấm v&agrave;o tr&agrave;. Sau đ&oacute; cho ra cốc v&agrave; thưởng thức khi c&ograve;n ấm l&agrave; tốt nhất. Số tr&agrave; c&ograve;n lại khi nguội m&igrave;nh cho ra chai/b&igrave;nh đựng d&ugrave;ng dần. C&oacute; thể d&ugrave;ng ấm hoặc ngu&ocirc;̣i/lạnh đều ngon, rất giống tr&agrave; lipton :)</p>\r\n\r\n<ul>\r\n	<li><img src=\"https://image.cooky.vn/recipe/g5/49698/s240x240/cooky-recipe-637210616783160124.jpg\" /></li>\r\n	<li><img src=\"https://image.cooky.vn/recipe/g5/49698/s240x240/cooky-recipe-637210616794022191.jpg\" /></li>\r\n</ul>\r\n', '<ul>\r\n	<li>Nước&nbsp;</li>\r\n	<li>Chanh&nbsp;</li>\r\n	<li>Gừng</li>\r\n	<li>Đường v&agrave;ng</li>\r\n</ul>\r\n', 1),
(18, 7, 11, 'Bia úp ngược', '2020-12-13 14:41:36', 'Bia úp ngược - cái tên độc lạ này có phải đang rất hot trong cộng đồng giới trẻ hiện nay không nhỉ? Cũng hòa theo phong trào hot hòn họt này, mình sẽ gợi ý cách làm bia úp ngược \"chuẩn chỉ\" ngoài hàng', 'hipro163bi_up_nguoc.jpg', '<p>1.</p>\r\n\r\n<p>Kiwi c&aacute;c bạn lấy thịt, bỏ vỏ. Ở đ&acirc;y c&aacute;c bạn c&oacute; thể chọn 1 loại tr&aacute;i c&acirc;y kh&aacute;c c&oacute; vị chua v&agrave; mềm, v&iacute; dụ như d&acirc;u t&acirc;y, v&igrave; nh&agrave; m&igrave;nh c&ograve;n kiwi n&ecirc;n m&igrave;nh tận dụng l&agrave;m lu&ocirc;n. Lấy c&acirc;y dần n&aacute;t kiwi, cho tầm 25 ml syrup d&acirc;u v&agrave;o trong ly chung.</p>\r\n\r\n<ul>\r\n	<li><img src=\"https://image.cooky.vn/recipe/g6/50244/s240x240/cooky-recipe-637054497486162294.gif\" /></li>\r\n	<li><img src=\"https://image.cooky.vn/recipe/g6/50244/s240x240/cooky-recipe-637054497486631047.gif\" /></li>\r\n	<li><img src=\"https://image.cooky.vn/recipe/g6/50244/s240x240/cooky-recipe-637054497488974775.gif\" /></li>\r\n</ul>\r\n\r\n<p>2.</p>\r\n\r\n<p>Để th&ecirc;m phần đặc sắc m&igrave;nh d&ugrave;ng muối để quay miệng ly. C&aacute;ch để muối b&aacute;m l&agrave; c&aacute;c bạn lấy chanh ch&agrave; quanh miệng ly sau đ&oacute; rải muối từ từ cho b&aacute;m v&agrave;o th&agrave;nh ly.</p>\r\n\r\n<ul>\r\n	<li><img src=\"https://image.cooky.vn/recipe/g6/50244/s240x240/cooky-recipe-637054497581006246.gif\" /></li>\r\n	<li><img src=\"https://image.cooky.vn/recipe/g6/50244/s240x240/cooky-recipe-637054497581475072.gif\" /></li>\r\n	<li><img src=\"https://image.cooky.vn/recipe/g6/50244/s240x240/cooky-recipe-637054497581787524.gif\" /></li>\r\n	<li><img src=\"https://image.cooky.vn/recipe/g6/50244/s240x240/cooky-recipe-637054497794756760.gif\" /></li>\r\n</ul>\r\n\r\n<p>3.</p>\r\n\r\n<p>Sau đ&oacute; cho phần tr&aacute;i c&acirc;y ưa th&iacute;ch v&agrave;o, c&oacute; thể l&agrave; l&ecirc;, t&aacute;o, thanh long đỏ v.v... sau đ&oacute; cho v&agrave;i l&aacute;t chanh cắt mỏng v&agrave;o để đẹp mắt hơn. Cuối c&ugrave;ng chỉ cần cho đ&aacute; v&agrave;o, khui bia v&agrave; cho v&agrave;o th&ocirc;i. Ở đ&acirc;y m&igrave;nh chọn cider cho dễ uống v&agrave; hạp hơn. C&aacute;c bạn c&oacute; thể chọn bất cứ loại bia n&agrave;o nh&eacute;. Thao t&aacute;c cho bia v&agrave;o phải cực kỳ nhanh nhen. &Uacute;p ngược bỏ v&agrave;o liền theo phương thẳng đứng.</p>\r\n\r\n<ul>\r\n	<li><img src=\"https://image.cooky.vn/recipe/g6/50244/s240x240/cooky-recipe-637054497685537741.gif\" /></li>\r\n	<li><img src=\"https://image.cooky.vn/recipe/g6/50244/s240x240/cooky-recipe-637054497687256507.gif\" /></li>\r\n	<li><img src=\"https://image.cooky.vn/recipe/g6/50244/s240x240/cooky-recipe-637054497687100269.gif\" /></li>\r\n	<li><img src=\"https://image.cooky.vn/recipe/g6/50244/s240x240/cooky-recipe-637054497690069007.gif\" /></li>\r\n</ul>\r\n\r\n<p>4.</p>\r\n\r\n<p>Bia n&agrave;y c&aacute;c bạn uống xuống dưới th&igrave; bia tự động chảy xuống, hoặc c&oacute; thể k&eacute;o l&ecirc;n 1 t&iacute; cho nước chảy xuống rồi giữ y&ecirc;n lại. Ở h&igrave;nh thứ 3 m&igrave;nh c&oacute; cắm 1 chiếc &ocirc;ng h&uacute;t xinh xinh, c&aacute;c bạn chắc biết để l&agrave;m g&igrave; rồi đ&uacute;ng kh&ocirc;ng? V&igrave; bia rất năng n&ecirc;n kh&ocirc;ng thể cầm l&ecirc;n ngửa xuống uống được, phải để ở tr&ecirc;n b&agrave;n hoặc cầm 2 tay rồi uống bằng &ocirc;ng h&uacute;t th&ocirc;i nha c&aacute;c bạn.</p>\r\n\r\n<ul>\r\n	<li><img src=\"https://image.cooky.vn/recipe/g6/50244/s240x240/cooky-recipe-637054497954444640.gif\" /></li>\r\n	<li><img src=\"https://image.cooky.vn/recipe/g6/50244/s240x240/cooky-recipe-637054497950225923.gif\" /></li>\r\n	<li><img src=\"https://image.cooky.vn/recipe/g6/50244/s240x240/cooky-recipe-637054497950538395.gif\" /></li>\r\n	<li><img src=\"https://image.cooky.vn/recipe/g6/50244/s240x240/cooky-recipe-637054497952101025.gif\" /></li>\r\n</ul>\r\n', '<ul>\r\n	<li>Bia&nbsp;</li>\r\n	<li>Siro d&acirc;u&nbsp;</li>\r\n	<li>KiWi&nbsp;</li>\r\n	<li>L&ecirc;</li>\r\n	<li>Chanh</li>\r\n</ul>\r\n', 1),
(19, 4, 11, 'Nấm Kim châm hấp nước tương', '2020-12-13 15:07:26', 'Món nấm hấp nước tương làm rất nhanh, không đòi hỏi nhiều thao tác chế biến nhưng lại vô cùng ấn tượng, đậm đà, giòn giòn. Món ăn này rất thích hợp cho những ngày trời mát nhé!', 'hipro146nam_kim_cham_hap_nuoc_tuong.jpg', '<p>.</p>\r\n\r\n<p>Ớt, h&agrave;nh l&aacute; rửa sạch, cắt nhỏ. Nấm kim ch&acirc;m rửa sạch, cắt bỏ gốc.</p>\r\n\r\n<ul>\r\n	<li><img src=\"https://image.cooky.vn/recipe/g1/9660/s240x240/recipe9660-prepare-step1-635737834093662918.jpg\" /></li>\r\n	<li><img src=\"https://image.cooky.vn/recipe/g1/9660/s240x240/recipe9660-prepare-step1-635737834276183239.jpg\" /></li>\r\n</ul>\r\n\r\n<p>2.</p>\r\n\r\n<p>Cho nấm kim ch&acirc;m v&agrave;o đĩa, đặt trong xửng hấp, đậy k&iacute;n nắp, hấp khoảng 5 - 7 ph&uacute;t.</p>\r\n\r\n<ul>\r\n	<li><img src=\"https://image.cooky.vn/recipe/g1/9660/s240x240/recipe9660-prepare-step2-635737834635451870.jpg\" /></li>\r\n	<li><img src=\"https://image.cooky.vn/recipe/g1/9660/s240x240/recipe9660-prepare-step2-635737834947452418.jpg\" /></li>\r\n</ul>\r\n\r\n<p>3.</p>\r\n\r\n<p>Cho đường v&agrave;o ch&eacute;n nước tương, khuấy tan rồi mở nắp ra, chan 15ml nước tương, hấp th&ecirc;m 2 ph&uacute;t l&agrave; được.</p>\r\n\r\n<ul>\r\n	<li><img src=\"https://image.cooky.vn/recipe/g1/9660/s240x240/recipe9660-prepare-step3-635737835299545036.jpg\" /></li>\r\n</ul>\r\n\r\n<p>4.</p>\r\n\r\n<p>Lấy m&oacute;n ăn ra, rắc ớt, h&agrave;nh l&aacute; l&ecirc;n tr&ecirc;n, cuối c&ugrave;ng bạn c&oacute; thể rưới ch&uacute;t dầu ăn để m&oacute;n nấm hấp x&igrave; dầu được b&oacute;ng đẹp hơn. Lấy ra đĩa d&ugrave;ng n&oacute;ng rất ngon.</p>\r\n\r\n<ul>\r\n	<li><img src=\"https://image.cooky.vn/recipe/g1/9660/s240x240/recipe9660-prepare-step4-635737835653041657.jpg\" /></li>\r\n	<li><img src=\"https://image.cooky.vn/recipe/g1/9660/s240x240/recipe9660-prepare-step4-635737835675973697.jpg\" /></li>\r\n</ul>\r\n', '<ul>\r\n	<li>Nấm kim ch&acirc;m</li>\r\n	<li>Nước tương</li>\r\n	<li>Đường trắng</li>\r\n	<li>Ớt</li>\r\n	<li>H&agrave;nh l&aacute;</li>\r\n</ul>\r\n', 1),
(20, 13, 9, 'Trứng ngâm tương Hàn Quốc', '2020-12-20 15:54:44', 'đây là món ăn ngon tuyệt vời', 'phung59trung_ngam_tuong_hq.jpeg', '<ul>\r\n	<li>Bước 1:\r\n	<p>Rửa sạch c&aacute;c nguy&ecirc;n liệu đ&atilde; qua sơ chế để r&aacute;o nước. Ớt hiểm cắt nhuyễn.</p>\r\n	</li>\r\n	<li>Bước 2:\r\n	<p>Bật bếp cho 50ml nước v&agrave;o nồi nấu cho nước s&ocirc;i nhẹ tay bỏ trứng g&agrave; v&agrave;o luộc trong nước s&ocirc;i 4 đến 5 ph&uacute;t rồi vớt trứng ra để nguội.</p>\r\n	</li>\r\n	<li>Bước 3:\r\n	<p>Tiếp đến đổ g&oacute;i nước tương đ&atilde; pha sẵn v&agrave;o t&ocirc; tiếp đến cho tất cả c&aacute;c nguy&ecirc;n liệu đ&atilde; cắt ( Ớt hiểm, h&agrave;nh l&aacute;, h&agrave;nh t&acirc;y, tỏi băm, h&agrave;nh t&iacute;m băm) v&agrave;o trộn đều l&ecirc;n.</p>\r\n	</li>\r\n	<li>Bước 4:\r\n	<p>Lột vỏ trứng g&agrave; ra cho v&agrave;o t&ocirc; tiến h&agrave;nh ng&acirc;m trong 30 ph&uacute;t.</p>\r\n	</li>\r\n	<li>Bước 5:\r\n	<p>B&agrave;y m&oacute;n ăn ra đĩa, rắc m&egrave; rang l&ecirc;n v&agrave; cắt trứng th&agrave;nh từng miếng vừa ăn. Ngon hơn khi thưởng thức với cơm n&oacute;ng v&agrave; ăn k&egrave;m với kim chi.</p>\r\n	</li>\r\n</ul>\r\n', '<ul>\r\n	<li>Trứng&nbsp;</li>\r\n	<li>Ớt</li>\r\n	<li>h&agrave;nh l&aacute;&nbsp;</li>\r\n	<li>h&agrave;nh t&acirc;y&nbsp;</li>\r\n	<li>&nbsp;</li>\r\n</ul>\r\n', 1),
(21, 14, 9, 'Bò hầm tiêu xanh', '2020-12-20 15:57:05', 'Vì nấu ăn gia đình nên mình thích cắt lát nạm bò ướp gia vị cho thấm rồi xào săn lên mới cho vào nồi nước dùng hầm giò heo. Cách làm này thì miếng nạm bò sẽ co lại nhìn không hấp dẫn nhưng ăn rất thấm', 'phung55bo_ham_tieu_xanh.jpeg', '<ul>\r\n	<li>Bước 1:\r\n	<p>Rửa sạch thịt b&ograve; đ&atilde; sơ chế, cắt khối vừa ăn v&agrave; sau đ&oacute; ướp với g&oacute;i gia vị sốt trong 10 ph&uacute;t. Khoai t&acirc;y, c&agrave; rốt ti&ecirc;u xanh, h&agrave;nh t&acirc;y, ng&ograve; r&iacute; rửa sạch, để r&aacute;o.</p>\r\n	</li>\r\n	<li>Bước 2:\r\n	<p>Cho 2 muỗng canh dầu ăn v&agrave;o nồi l&agrave;m n&oacute;ng, chỉnh lửa vừa, phi tỏi, h&agrave;nh t&iacute;m v&agrave; ớt băm nhuyễn thơm v&agrave;ng, cho b&ograve; đ&atilde; ướp v&agrave;o đảo đều 3 - 4 ph&uacute;t cho thịt b&ograve; săn chắc. Đổ nước dừa tươi v&agrave; 1,5 ch&eacute;n nước lọc v&agrave;o nồi. Hầm tr&ecirc;n lửa vừa 30 ph&uacute;t, sau đ&oacute; cho c&agrave; rốt, ti&ecirc;u xanh v&agrave;o nấu 5 ph&uacute;t. Cho g&oacute;i bột sốt n&acirc;u v&agrave;o nấu th&ecirc;m 10 ph&uacute;t. Tiếp đến cho g&oacute;i gia vị kh&ocirc; v&agrave; khoai t&acirc;y v&agrave;o nấu tiếp 5 ph&uacute;t. N&ecirc;m nếm cho vừa ăn, đợi m&oacute;n ăn s&ocirc;i b&ugrave;ng l&ecirc;n rồi th&ecirc;m h&agrave;nh t&acirc;y cắt m&uacute;i cau, đảo đều rồi tắt bếp.</p>\r\n	</li>\r\n	<li>Bước 3:\r\n	<p>Cho b&ograve; hầm ti&ecirc;u xanh ra t&ocirc;, trang tr&iacute; c&ugrave;ng ng&ograve; r&iacute;. D&ugrave;ng ngon khi n&oacute;ng c&ugrave;ng b&aacute;nh m&igrave;. B&ograve; Hầm Ti&ecirc;u Xanh c&oacute; thể ăn với cơm trắng, nhưng tuyệt nhất vẫn l&agrave; ăn k&egrave;m c&ugrave;ng b&aacute;nh m&igrave; đấy. Cuối tuần n&agrave;y, cả nh&agrave; h&atilde;y quay quần c&ugrave;ng chế biến v&agrave; thưởng thức m&oacute;n ăn n&agrave;y ngay nh&eacute;.</p>\r\n	</li>\r\n</ul>\r\n', '<ul>\r\n	<li>Thịt b&ograve;</li>\r\n</ul>\r\n', 1);
INSERT INTO `mon_an` (`id`, `idDanhmuc`, `idUser`, `ten_monAn`, `ngayDang`, `moTa`, `img`, `step`, `nguyenLieu`, `trangThai`) VALUES
(22, 14, 9, 'Bò kho cà rốt', '2020-12-20 16:02:22', 'Cách nấu bò kho cà rốt ngon thì trước hết phải khử được mùi hôi thịt bò rồi mới tẩm ướp gia vị đậm đà.', 'phung153bo_kho_ca_rot.jpg', '<p>1.</p>\r\n\r\n<p>Chuẩn bị nấu b&ograve; kho: Để khử m&ugrave;i của thịt b&ograve; th&igrave; d&ugrave;ng rượu trắng h&ograve;a với gừng, ch&agrave; x&aacute;t l&ecirc;n thịt rồi rửa sạch lại, trụng qua nước s&ocirc;i. Sau đ&oacute; cắt thịt b&ograve; th&agrave;nh những miếng vừa ăn. N&ecirc;n cắt th&agrave;nh h&igrave;nh vu&ocirc;ng hoặc chữ nhật.</p>\r\n\r\n<ul>\r\n	<li><img src=\"https://image.cooky.vn/recipe/g1/4120/s240x240/recipe4120-cook-step1-635634201070307816.jpg\" /></li>\r\n	<li><img src=\"https://image.cooky.vn/recipe/g1/4120/s240x240/recipe4120-prepare-step1-637001780233256772.jpg\" /></li>\r\n</ul>\r\n\r\n<p>2.</p>\r\n\r\n<p>C&aacute;ch nấu b&ograve; kho đậm đ&agrave;: Ướp thịt nạm b&ograve; với 2 muỗng c&agrave; ph&ecirc; muối, 1 muỗng c&agrave; ph&ecirc; đường, &frac12; muỗng c&agrave; ph&ecirc; ti&ecirc;u, 1 muỗng c&agrave; ph&ecirc; bột b&ograve; kho, 1 muỗng c&agrave; ph&ecirc; dầu điều. Ướp thịt trong v&ograve;ng 30 ph&uacute;t.</p>\r\n\r\n<ul>\r\n	<li><img src=\"https://image.cooky.vn/recipe/g1/4120/s240x240/recipe4120-prepare-step1-635634201342684295.jpg\" /></li>\r\n</ul>\r\n\r\n<p>3.</p>\r\n\r\n<p>Chuẩn bị nấu b&ograve; kho: Rửa sạch c&agrave; rốt, cạo vỏ, cắt kh&uacute;c cỡ 5 cm. Đập dập sả. Rang sơ hoa hồi v&agrave; thanh quế cho dậy m&ugrave;i.</p>\r\n\r\n<ul>\r\n	<li><img src=\"https://image.cooky.vn/recipe/g1/4120/s240x240/recipe4120-cook-step3-635634201166871986.jpg\" /></li>\r\n	<li><img src=\"https://image.cooky.vn/recipe/g1/4120/s240x240/recipe4120-cook-step3-635634201191364029.jpg\" /></li>\r\n	<li><img src=\"https://image.cooky.vn/recipe/g1/4120/s240x240/recipe4120-cook-step3-635634201209772061.jpg\" /></li>\r\n</ul>\r\n\r\n<p>4.</p>\r\n\r\n<p>C&aacute;ch nấu b&ograve; kho: Phi thơm tỏi, h&agrave;nh t&iacute;m v&agrave; gừng băm nhỏ. Tr&uacute;t thịt b&ograve; v&agrave;o đảo đều, th&ecirc;m 1 muỗng c&agrave; ph&ecirc; dầu điều để c&oacute; m&agrave;u đẹp. Sau khi thịt b&ograve; kho đ&atilde; săn lại, cho sả v&agrave; chế nước ngập mặt thịt, thả hoa hồi v&agrave; quế v&agrave;o nồi.</p>\r\n\r\n<ul>\r\n	<li><img src=\"https://image.cooky.vn/recipe/g1/4120/s240x240/recipe4120-prepare-step2-635634201391512380.jpg\" /></li>\r\n	<li><img src=\"https://image.cooky.vn/recipe/g1/4120/s240x240/recipe4120-prepare-step2-635634201415536423.jpg\" /></li>\r\n	<li><img src=\"https://image.cooky.vn/recipe/g1/4120/s240x240/recipe4120-prepare-step2-635634201472008522.jpg\" /></li>\r\n	<li><img src=\"https://image.cooky.vn/recipe/g1/4120/s240x240/recipe4120-prepare-step2-635634201666852864.jpg\" /></li>\r\n</ul>\r\n\r\n<p>5.</p>\r\n\r\n<p>Khi thịt đ&atilde; mềm vớt bỏ hoa hồi, quế v&agrave; sả, n&ecirc;m th&ecirc;m 1 muỗng hạt n&ecirc;m, h&ograve;a 3 muỗng c&agrave; ph&ecirc; bột năng v&agrave;o ch&eacute;n nước lạnh đổ từ từ v&agrave;o nồi thịt sau đ&oacute; cho c&agrave; rốt v&agrave;o, nấu b&ograve; kho th&ecirc;m 5 -10 ph&uacute;t rồi tắt bếp.</p>\r\n\r\n<ul>\r\n	<li><img src=\"https://image.cooky.vn/recipe/g1/4120/s240x240/recipe4120-prepare-step3-635634201568260691.jpg\" /></li>\r\n	<li><img src=\"https://image.cooky.vn/recipe/g1/4120/s240x240/recipe4120-prepare-step3-635634201600864748.jpg\" /></li>\r\n</ul>\r\n\r\n<p>6.</p>\r\n\r\n<p>M&uacute;c b&ograve; kho ra t&ocirc;, rắc ch&uacute;t ti&ecirc;u v&agrave; ng&ograve; gai, rau quế cắt nhỏ l&ecirc;n tr&ecirc;n l&agrave; c&oacute; thể d&ugrave;ng. M&oacute;n b&ograve; kho ngon khi ăn n&oacute;ng k&egrave;m với b&aacute;nh m&igrave; hoặc b&uacute;n tươi, cơm tr&aacute;ng. Những dịp cuối tuần, c&oacute; nhiều thời gian, h&atilde;y v&agrave;o bếp v&agrave; triển ngay c&aacute;ch nấu b&ograve; kho ngon theo hướng dẫn tr&ecirc;n nh&eacute;.</p>\r\n\r\n<ul>\r\n	<li><img src=\"https://image.cooky.vn/recipe/g1/4120/s240x240/recipe4120-prepare-step4-635634201748285007.jpg\" /></li>\r\n</ul>\r\n', '<ul>\r\n	<li>Thịt b&ograve;&nbsp;</li>\r\n	<li>C&agrave; rốt&nbsp;</li>\r\n	<li>Muối Hạt n&ecirc;m&nbsp;</li>\r\n	<li>Đường trắng&nbsp;</li>\r\n	<li>Dầu điều&nbsp;</li>\r\n	<li>B&ocirc;t năng</li>\r\n	<li>Ti&ecirc;u&nbsp;</li>\r\n	<li>Sả&nbsp;</li>\r\n	<li>Gừng băm&nbsp;</li>\r\n</ul>\r\n', 1),
(23, 14, 9, 'Bò kho ngũ vị ', '2020-12-20 16:05:03', 'Thứ mùi thơm của thịt bò kho ngũ vị quyện với mùi ấm nồng của quế, gừng, hồi sẽ xua tan đi cảm giác ảm đạm của những ngày mưa lạnh.', 'phung145bo_kho_ngu_vi.jpg', '<p>1.</p>\r\n\r\n<p>Thịt b&ograve; rửa sạch, cắt miếng vu&ocirc;ng to v&agrave; d&agrave;y cỡ 3x3cm. 1 củ gừng, 3 t&eacute;p tỏi, 2 củ h&agrave;nh t&iacute;m đập dập.</p>\r\n\r\n<ul>\r\n	<li><img src=\"https://image.cooky.vn/recipe/g2/14026/s240x240/recipe14026-cook-step1-635748239527517547.jpg\" /></li>\r\n	<li><img src=\"https://image.cooky.vn/recipe/g2/14026/s240x240/recipe14026-cook-step1-635748239603021680.jpg\" /></li>\r\n</ul>\r\n\r\n<p>2.</p>\r\n\r\n<p>Bắc thịt b&ograve; l&ecirc;n bếp, x&agrave;o ở lửa vừa cho thịt ngấm gia vị chừng 10 ph&uacute;t.</p>\r\n\r\n<ul>\r\n	<li><img src=\"https://image.cooky.vn/recipe/g2/14026/s240x240/recipe14026-prepare-step1-635748239687885829.jpg\" /></li>\r\n</ul>\r\n\r\n<p>3.</p>\r\n\r\n<p>Lấy 3 c&aacute;nh hoa hồi, 5g thanh quế rửa sạch. H&agrave;nh t&acirc;y bổ m&uacute;i to l&agrave;m 4 hoặc l&agrave;m 6.</p>\r\n\r\n<ul>\r\n	<li><img src=\"https://image.cooky.vn/recipe/g2/14026/s240x240/recipe14026-cook-step2-635748239638277742.jpg\" /></li>\r\n	<li><img src=\"https://image.cooky.vn/recipe/g2/14026/s240x240/recipe14026-cook-step2-635748239638589742.jpg\" /></li>\r\n</ul>\r\n\r\n<p>4.</p>\r\n\r\n<p>Đổ nước ngập mặt thịt, thả hồi, quế v&agrave; h&agrave;nh t&acirc;y l&ecirc;n tr&ecirc;n (lưu &yacute; h&agrave;nh t&acirc;y chỉ để tr&ecirc;n mặt, kh&ocirc;ng đảo lẫn v&agrave;o thịt) đun s&ocirc;i, hớt bọt rồi hầm đến khi thịt ch&iacute;n mềm.</p>\r\n\r\n<ul>\r\n	<li><img src=\"https://image.cooky.vn/recipe/g2/14026/s240x240/recipe14026-prepare-step2-635748239705825860.jpg\" /></li>\r\n</ul>\r\n\r\n<p>5.</p>\r\n\r\n<p>Ướp thịt với gừng, tỏi, h&agrave;nh t&iacute;m, 1 muỗng canh rượu vang, 1/2 muỗng c&agrave; ph&ecirc; muối, 1/2 muỗng c&agrave; ph&ecirc; hạt n&ecirc;m, 1/2 muỗng c&agrave; ph&ecirc; bột ngọt, 1 muỗng c&agrave; ph&ecirc; ngũ vị hương, 1 muỗng c&agrave; ph&ecirc; dầu ăn, 2 muỗng c&agrave; ph&ecirc; dầu điều (nếu th&iacute;ch) trong khoảng 30 ph&uacute;t đến 1 giờ.</p>\r\n\r\n<ul>\r\n	<li><img src=\"https://image.cooky.vn/recipe/g2/14026/s240x240/recipe14026-cook-step3-635748239667137792.jpg\" /></li>\r\n</ul>\r\n\r\n<p>6.</p>\r\n\r\n<p>Khi tắt bếp nhẹ nh&agrave;ng d&ugrave;ng mu&ocirc;i vớt hết phần h&agrave;nh t&acirc;y bỏ đi.</p>\r\n\r\n<ul>\r\n	<li><img src=\"https://image.cooky.vn/recipe/g2/14026/s240x240/recipe14026-prepare-step3-635748239727197898.jpg\" /></li>\r\n</ul>\r\n\r\n<p>7.</p>\r\n\r\n<p>Rắc th&ecirc;m ch&uacute;t hạt ti&ecirc;u rồi m&uacute;c ra ch&eacute;n l&agrave; bạn đ&atilde; ho&agrave;n th&agrave;nh m&oacute;n ăn rồi!</p>\r\n\r\n<ul>\r\n	<li><img src=\"https://image.cooky.vn/recipe/g2/14026/s240x240/recipe14026-prepare-step4-635748239747477933.jpg\" /></li>\r\n</ul>\r\n', '<ul>\r\n	<li>Thịt b&ograve;&nbsp;</li>\r\n	<li>Thanh quế&nbsp;</li>\r\n	<li>Hoa hồi&nbsp;</li>\r\n	<li>Gừng&nbsp;</li>\r\n	<li>H&agrave;nh t&iacute;m&nbsp;</li>\r\n	<li>Rượu vang</li>\r\n	<li>Bột ngũ vị hương</li>\r\n	<li>Dầu ăn&nbsp;</li>\r\n	<li>Dầu điều&nbsp;</li>\r\n	<li>Muối</li>\r\n</ul>\r\n', 1),
(24, 14, 10, 'Bò kho nước dừa', '2020-12-21 03:29:45', 'Hiện nay, đã có nhiều cách chế biến bò kho khác nhau nhưng bò kho nước dừa vẫn là món ăn được nhiều người ưa thích, món ăn có vị ngọt thơm của nước dừa tươi và màu sắc bắt mắt, thịt bò mềm ngon đậm đà', 'phungit110bo_kho_nuoc_dua.jpg', '<p>1.</p>\r\n\r\n<p>Thịt b&ograve; rửa sạch, cắt miếng vu&ocirc;ng to v&agrave; d&agrave;y cỡ 3x3cm. 1 củ gừng, 3 t&eacute;p tỏi, 2 củ h&agrave;nh t&iacute;m đập dập.</p>\r\n\r\n<ul>\r\n	<li><img src=\"https://image.cooky.vn/recipe/g2/14026/s240x240/recipe14026-cook-step1-635748239527517547.jpg\" /></li>\r\n	<li><img src=\"https://image.cooky.vn/recipe/g2/14026/s240x240/recipe14026-cook-step1-635748239603021680.jpg\" /></li>\r\n</ul>\r\n\r\n<p>2.</p>\r\n\r\n<p>Bắc thịt b&ograve; l&ecirc;n bếp, x&agrave;o ở lửa vừa cho thịt ngấm gia vị chừng 10 ph&uacute;t.</p>\r\n\r\n<ul>\r\n	<li><img src=\"https://image.cooky.vn/recipe/g2/14026/s240x240/recipe14026-prepare-step1-635748239687885829.jpg\" /></li>\r\n</ul>\r\n\r\n<p>3.</p>\r\n\r\n<p>Lấy 3 c&aacute;nh hoa hồi, 5g thanh quế rửa sạch. H&agrave;nh t&acirc;y bổ m&uacute;i to l&agrave;m 4 hoặc l&agrave;m 6.</p>\r\n\r\n<ul>\r\n	<li><img src=\"https://image.cooky.vn/recipe/g2/14026/s240x240/recipe14026-cook-step2-635748239638277742.jpg\" /></li>\r\n	<li><img src=\"https://image.cooky.vn/recipe/g2/14026/s240x240/recipe14026-cook-step2-635748239638589742.jpg\" /></li>\r\n</ul>\r\n\r\n<p>4.</p>\r\n\r\n<p>Đổ nước ngập mặt thịt, thả hồi, quế v&agrave; h&agrave;nh t&acirc;y l&ecirc;n tr&ecirc;n (lưu &yacute; h&agrave;nh t&acirc;y chỉ để tr&ecirc;n mặt, kh&ocirc;ng đảo lẫn v&agrave;o thịt) đun s&ocirc;i, hớt bọt rồi hầm đến khi thịt ch&iacute;n mềm.</p>\r\n\r\n<ul>\r\n	<li><img src=\"https://image.cooky.vn/recipe/g2/14026/s240x240/recipe14026-prepare-step2-635748239705825860.jpg\" /></li>\r\n</ul>\r\n\r\n<p>5.</p>\r\n\r\n<p>Ướp thịt với gừng, tỏi, h&agrave;nh t&iacute;m, 1 muỗng canh rượu vang, 1/2 muỗng c&agrave; ph&ecirc; muối, 1/2 muỗng c&agrave; ph&ecirc; hạt n&ecirc;m, 1/2 muỗng c&agrave; ph&ecirc; bột ngọt, 1 muỗng c&agrave; ph&ecirc; ngũ vị hương, 1 muỗng c&agrave; ph&ecirc; dầu ăn, 2 muỗng c&agrave; ph&ecirc; dầu điều (nếu th&iacute;ch) trong khoảng 30 ph&uacute;t đến 1 giờ.</p>\r\n\r\n<ul>\r\n	<li><img src=\"https://image.cooky.vn/recipe/g2/14026/s240x240/recipe14026-cook-step3-635748239667137792.jpg\" /></li>\r\n</ul>\r\n\r\n<p>6.</p>\r\n\r\n<p>Khi tắt bếp nhẹ nh&agrave;ng d&ugrave;ng mu&ocirc;i vớt hết phần h&agrave;nh t&acirc;y bỏ đi.</p>\r\n\r\n<ul>\r\n	<li><img src=\"https://image.cooky.vn/recipe/g2/14026/s240x240/recipe14026-prepare-step3-635748239727197898.jpg\" /></li>\r\n</ul>\r\n\r\n<p>7.</p>\r\n\r\n<p>Rắc th&ecirc;m ch&uacute;t hạt ti&ecirc;u rồi m&uacute;c ra ch&eacute;n l&agrave; bạn đ&atilde; ho&agrave;n th&agrave;nh m&oacute;n ăn rồi!</p>\r\n\r\n<ul>\r\n	<li><img src=\"https://image.cooky.vn/recipe/g2/14026/s240x240/recipe14026-prepare-step4-635748239747477933.jpg\" /></li>\r\n</ul>\r\n', '<ul>\r\n	<li>Bắp b&ograve;</li>\r\n	<li>C&agrave; rốt</li>\r\n	<li>Tỏi</li>\r\n	<li>Thanh quế</li>\r\n	<li>Hoa hồi</li>\r\n	<li>Sả</li>\r\n	<li>H&agrave;nh t&acirc;y</li>\r\n	<li>Bột năng</li>\r\n	<li>Nước dừa</li>\r\n	<li>Bột điều</li>\r\n	<li>Đường trắng</li>\r\n	<li>Bột c&agrave; ri</li>\r\n	<li>Gừng</li>\r\n	<li>Nước tương</li>\r\n	<li>Muối</li>\r\n	<li>Nước mắm</li>\r\n	<li>Ti&ecirc;u</li>\r\n	<li>Hạt n&ecirc;m</li>\r\n</ul>\r\n', 1),
(25, 14, 10, 'Mì bò', '2020-12-21 03:29:42', 'Bữa sáng lót dạ với tô mì bò nóng hổi thơm phức thì còn gì bằng nhưng để làm mì bò thật ngon và chuẩn vị là không hề khó mà chỉ tốn thời gian ở công đoạn hầm nhừ thịt bò', 'phungit39thit_bo.png', '<p>1.</p>\r\n\r\n<p>Thịt b&ograve; rửa sạch, th&aacute;i miếng vừa ăn. C&agrave; chua rửa sạch, th&aacute;i m&uacute;i cau. Ớt kh&ocirc; cắt đ&ocirc;i. H&agrave;nh l&aacute; rửa sạch cắt kh&uacute;c d&agrave;i 4cm. Tỏi b&oacute;c vỏ. Gừng gọt vỏ th&aacute;i l&aacute;t mỏng. H&agrave;nh t&acirc;y th&aacute;i dọc củ. Đun 1 nồi nước s&ocirc;i, cho thịt b&ograve; v&agrave;o chần sơ 1 ph&uacute;t th&igrave; đổ ra rổ xả sạch với nước lạnh.</p>\r\n\r\n<ul>\r\n	<li><img src=\"https://image.cooky.vn/recipe/g3/29657/s240x240/recipe29657-prepare-step1-636589539956767215.jpg\" /></li>\r\n	<li><img src=\"https://image.cooky.vn/recipe/g3/29657/s240x240/recipe29657-prepare-step1-636589539980791215.jpg\" /></li>\r\n</ul>\r\n\r\n<p>2.</p>\r\n\r\n<p>Cho dầu ăn v&agrave;o nồi, cho gừng tỏi v&agrave;o đảo cho thơm sau đ&oacute; cho h&agrave;nh t&acirc;y v&agrave; h&agrave;nh l&aacute; v&agrave;o đảo c&ugrave;ng. Tiếp theo cho c&agrave; chua v&agrave;o đảo cho tới khi c&agrave; chua mềm. Cho thịt b&ograve;, ớt kh&ocirc;, sa tế, nước tương, đường, rượu v&agrave;o đảo đều.</p>\r\n\r\n<ul>\r\n	<li><img src=\"https://image.cooky.vn/recipe/g3/29657/s240x240/recipe29657-prepare-step2-636589540123219215.jpg\" /></li>\r\n	<li><img src=\"https://image.cooky.vn/recipe/g3/29657/s240x240/recipe29657-prepare-step2-636589540266115215.jpg\" /></li>\r\n</ul>\r\n\r\n<p>3.</p>\r\n\r\n<p>Lấy t&uacute;i lọc cho v&agrave;o hoa hồi, thanh quế đập giập, nguyệt quế, hạt th&igrave; l&agrave;, hạt ti&ecirc;u nguy&ecirc;n hạt tạo th&agrave;nh 1 g&oacute;i gia vị. Cho 2,5 l&iacute;t nước c&ugrave;ng g&oacute;i gia vị đ&oacute; v&agrave;o đun s&ocirc;i sau đ&oacute; vặn nhỏ lửa hầm. N&ecirc;n cho v&agrave;o nồi hầm để tiết kiệm thời gian. Thời gian hầm chừng 1 giờ. Khi ăn cho m&igrave; v&agrave; rau cải th&igrave;a v&agrave;o luộc ch&iacute;n.</p>\r\n\r\n<ul>\r\n	<li><img src=\"https://image.cooky.vn/recipe/g3/29657/s240x240/recipe29657-prepare-step3-636589540313071215.jpg\" /></li>\r\n	<li><img src=\"https://image.cooky.vn/recipe/g3/29657/s240x240/recipe29657-prepare-step3-636589540543483215.jpg\" /></li>\r\n</ul>\r\n\r\n<p>4.</p>\r\n\r\n<p>Xếp m&igrave; ra b&aacute;t c&ugrave;ng với rau cải ch&iacute;p rồi chan phần b&ograve; hầm v&agrave;o từng t&ocirc;, c&ugrave;ng với h&agrave;nh l&aacute; th&aacute;i nhỏ, d&ugrave;ng n&oacute;ng ngon lắm nh&eacute;! M&oacute;n m&igrave; b&ograve; n&oacute;ng hổi, thịt nhừ mục, nước d&ugrave;ng đậm đ&agrave; sẽ l&agrave; m&oacute;n ăn s&aacute;ng khiến cả nh&agrave; đều m&ecirc;.</p>\r\n', '<ul>\r\n	<li>Thịt b&ograve;</li>\r\n	<li>Dầu ăn</li>\r\n	<li>Gừng</li>\r\n	<li>Tỏi</li>\r\n	<li>H&agrave;nh l&aacute;</li>\r\n	<li>H&agrave;nh t&acirc;y</li>\r\n	<li>C&agrave; chua</li>\r\n	<li>Ớt kh&ocirc;</li>\r\n	<li>Sa tế</li>\r\n	<li>Đường trắng</li>\r\n	<li>Nước tương</li>\r\n	<li>Rượu trắng</li>\r\n	<li>Ti&ecirc;u</li>\r\n	<li>Bột ngũ vị hương</li>\r\n	<li>M&igrave;</li>\r\n	<li>Cải th&igrave;a</li>\r\n	<li>Hoa hồi</li>\r\n	<li>Thanh quế</li>\r\n	<li>Nguyệt quế</li>\r\n	<li>Hạt th&igrave; l&agrave;</li>\r\n	<li>Hạt ti&ecirc;u</li>\r\n	<li>Nước</li>\r\n</ul>\r\n', 1),
(26, 14, 10, 'Bò  khô kiểu mới', '2020-12-21 03:29:38', 'Với cách làm thịt bò khô kiểu mới này, từng miếng thịt thấm đậm gai vị, không bị khô hay xơ kèm theo vị rất ngon nha', 'phungit130bo_kho_kieu_moi.jpg', '<p>1.</p>\r\n\r\n<p>Thịt thăn b&ograve; cắt đ&ocirc;i, ng&acirc;m v&agrave;o nước muối 30 ph&uacute;t rồi vớt ra cho v&agrave;o nồi chần sơ 5 ph&uacute;t th&igrave; vớt ra rửa lại lần nữa. Đun n&oacute;ng chảo dầu, cho h&agrave;nh, gừng v&agrave;o phi thơm rồi th&ecirc;m hạt th&igrave; l&agrave;, l&aacute; nguyệt quế, thanh quế, hoa hồi v&agrave;o đảo đều. Đun s&ocirc;i một nồi nước rồi cho thịt b&ograve; v&agrave;o c&ugrave;ng phần gia vị vừa chuẩn bị với muối, đường, bột ngũ vị, dầu h&agrave;o, nước tương rồi nấu s&ocirc;i rồi giảm nhỏ lửa. Ninh thịt khoảng 40 ph&uacute;t l&agrave; thịt ch&iacute;n th&igrave; vớt ra cho r&aacute;o v&agrave; cắt miếng mỏng vừa ăn.</p>\r\n\r\n<ul>\r\n	<li><img src=\"https://image.cooky.vn/recipe/g4/39379/s240x240/recipe39379-cook-step1-636729537767432187.jpg\" /></li>\r\n	<li><img src=\"https://image.cooky.vn/recipe/g4/39379/s240x240/recipe39379-cook-step1-636729537768057193.png\" /></li>\r\n	<li><img src=\"https://image.cooky.vn/recipe/g4/39379/s240x240/recipe39379-cook-step1-636729537778420756.png\" /></li>\r\n	<li><img src=\"https://image.cooky.vn/recipe/g4/39379/s240x240/recipe39379-cook-step1-636729537777951960.png\" /></li>\r\n</ul>\r\n\r\n<p>2.</p>\r\n\r\n<p>L&agrave;m n&oacute;ng ch&agrave;o với dầu ăn, cho thịt v&agrave;o đảo đều cho thịt săn lại rồi th&ecirc;m m&egrave; trắng, 10g ớt bột, 5ml dầu giấm, ớt tươi xắt l&aacute;t v&agrave; đảo đều. Ngay khi thấy thịt b&ograve; kh&ocirc; lại, thấm đều hết gia vị th&igrave; bạn c&oacute; thể tắt bếp được rồi đ&oacute;.</p>\r\n\r\n<ul>\r\n	<li><img src=\"https://image.cooky.vn/recipe/g4/39379/s240x240/recipe39379-cook-step2-636729537862891329.jpg\" /></li>\r\n	<li><img src=\"https://image.cooky.vn/recipe/g4/39379/s240x240/recipe39379-cook-step2-636729537866485061.jpg\" /></li>\r\n</ul>\r\n\r\n<p>3.</p>\r\n\r\n<p>Thịt b&ograve; kh&ocirc; kiểu mới với hương vị đậm đ&agrave;, từng miếng thịt mềm gi&ograve;n, thấm vị v&agrave; ho&agrave;n to&agrave;n kh&ocirc;ng bị kh&ocirc; hay xơ đ&acirc;u đấy. Bạn c&oacute; thể thử l&agrave;m m&oacute;n n&agrave;y cho cả nh&agrave; thưởng thức nh&eacute;. Ch&uacute;c bạn th&agrave;nh c&ocirc;ng!</p>\r\n\r\n<ul>\r\n	<li><img src=\"https://image.cooky.vn/recipe/g4/39379/s240x240/recipe39379-cook-step3-636729538038812153.jpg\" /></li>\r\n</ul>\r\n', '<ul>\r\n	<li>Thịt b&ograve;</li>\r\n	<li>H&agrave;nh l&aacute;</li>\r\n	<li>H&agrave;nh boa r&ocirc;</li>\r\n	<li>Gừng</li>\r\n	<li>Thanh quế</li>\r\n	<li>Hạt th&igrave; l&agrave;</li>\r\n	<li>Hoa hồi</li>\r\n	<li>Nguyệt quế</li>\r\n	<li>Muối</li>\r\n	<li>Đường trắng</li>\r\n	<li>Bột ngũ vị hương</li>\r\n	<li>Dầu h&agrave;o</li>\r\n	<li>Nước tương</li>\r\n	<li>M&egrave; trắng</li>\r\n	<li>Ớt</li>\r\n	<li>Ớt bột</li>\r\n	<li>Dầu giấm</li>\r\n</ul>\r\n', 1),
(27, 15, 10, 'Thịt ba chỉ kho tiêu', '2020-12-21 03:29:40', 'Thịt Ba Chỉ Kho Tiêu là món ngon dễ làm, quen thuộc trong bữa cơm hằng ngày của gia đình. Cách kho thịt ba chỉ ngon, được chế biến bằng nồi đất và thắng riêng nước màu trông thật bắt mắt', 'phungit200thi_ba_chi_kho.jpg', '<p>1.</p>\r\n\r\n<p>L&agrave;m nước m&agrave;u ướp thịt ba chỉ kho ti&ecirc;u: Cho 1.5 muỗng c&agrave; ph&ecirc; đường v&agrave; 3ml dầu ăn v&agrave;o nồi đất, đun v&agrave; d&ugrave;ng đũa khuấy đều cho đến khi đường ch&aacute;y th&agrave;nh m&agrave;u c&aacute;nh kiến th&igrave; cho v&agrave;o 40ml nước lọc, khuấy đều, tắt bếp.</p>\r\n\r\n<ul>\r\n	<li><img src=\"https://image.cooky.vn/recipe/g2/16683/s240x240/recipe16683-cook-step1-635935440373872558.jpg\" /></li>\r\n	<li><img src=\"https://image.cooky.vn/recipe/g2/16683/s240x240/recipe16683-cook-step1-635935440373560557.jpg\" /></li>\r\n	<li><img src=\"https://image.cooky.vn/recipe/g2/16683/s240x240/recipe16683-cook-step1-635935440388224583.jpg\" /></li>\r\n</ul>\r\n\r\n<p>2.</p>\r\n\r\n<p>C&aacute;ch kho thịt ba chỉ: Trong nồi đất, đun n&oacute;ng 2 muỗng canh dầu ăn rồi cho h&agrave;nh t&iacute;m băm v&agrave;o phi thơm. D&ugrave;ng đũa gắp thịt đ&atilde; ướp cho v&agrave;o nồi, đảo đều tay.</p>\r\n\r\n<ul>\r\n	<li><img src=\"https://image.cooky.vn/recipe/g2/16683/s240x240/recipe16683-prepare-step1-635935440638761023.jpg\" /></li>\r\n	<li><img src=\"https://image.cooky.vn/recipe/g2/16683/s240x240/recipe16683-cook-step1-637001791689690719.jpg\" /></li>\r\n</ul>\r\n\r\n<p>3.</p>\r\n\r\n<p>Rửa sạch thịt ba chỉ, cắt nhỏ vừa ăn rồi trộn đều với 1 muỗng c&agrave; ph&ecirc; tỏi băm, 2 muỗng canh nước mắm, 1/3 muỗng c&agrave; ph&ecirc; muối, 1 muỗng c&agrave; ph&ecirc; đường, 1/2 muỗng c&agrave; ph&ecirc; bột ngọt v&agrave; 1 muỗng c&agrave; ph&ecirc; ti&ecirc;u. Đổ th&ecirc;m nước m&agrave;u vừa đun v&agrave;o thịt, ướp khoảng 10 ph&uacute;t.</p>\r\n\r\n<ul>\r\n	<li><img src=\"https://image.cooky.vn/recipe/g2/16683/s240x240/recipe16683-cook-step2-635935440471060729.jpg\" /></li>\r\n	<li><img src=\"https://image.cooky.vn/recipe/g2/16683/s240x240/recipe16683-cook-step2-635935440471216729.jpg\" /></li>\r\n	<li><img src=\"https://image.cooky.vn/recipe/g2/16683/s240x240/recipe16683-cook-step2-635935440490560763.jpg\" /></li>\r\n</ul>\r\n\r\n<p>4.</p>\r\n\r\n<p>Khi thịt kho ti&ecirc;u săn lại th&igrave; cho nước ướp thịt, h&agrave;nh l&aacute;, ớt cắt nhỏ v&agrave; 1 muỗng c&agrave; ph&ecirc; ti&ecirc;u v&agrave;o, đảo đều rồi đun với lửa vừa..</p>\r\n\r\n<ul>\r\n	<li><img src=\"https://image.cooky.vn/recipe/g2/16683/s240x240/recipe16683-prepare-step3-635935440807709320.jpg\" /></li>\r\n	<li><img src=\"https://image.cooky.vn/recipe/g2/16683/s240x240/recipe16683-prepare-step3-635935440808021321.jpg\" /></li>\r\n	<li><img src=\"https://image.cooky.vn/recipe/g2/16683/s240x240/recipe16683-prepare-step3-635935440811297326.jpg\" /></li>\r\n</ul>\r\n\r\n<p>5.</p>\r\n\r\n<p>Cắt lấy đầu h&agrave;nh l&aacute;, chẻ nhỏ trang tr&iacute;, phần l&aacute; cắt nhỏ.Cắt ch&oacute;p đu&ocirc;i của tr&aacute;i ớt nhỏ, tỉa h&igrave;nh hoa.</p>\r\n\r\n<ul>\r\n	<li><img src=\"https://image.cooky.vn/recipe/g2/16683/s240x240/recipe16683-cook-step3-635935440548904865.jpg\" /></li>\r\n</ul>\r\n\r\n<p>6.</p>\r\n\r\n<p>Khi nước cạn đi một nữa th&igrave; đậy nấp đun th&ecirc;m đến khi nước thịt ba chỉ kho ti&ecirc;u gần cạn l&agrave; được.</p>\r\n\r\n<ul>\r\n	<li><img src=\"https://image.cooky.vn/recipe/g2/16683/s240x240/recipe16683-prepare-step4-635935442557564393.jpg\" /></li>\r\n	<li><img src=\"https://image.cooky.vn/recipe/g2/16683/s240x240/recipe16683-prepare-step4-635935442646640550.jpg\" /></li>\r\n</ul>\r\n\r\n<p>7.</p>\r\n\r\n<p>M&oacute;n thịt ba chỉ kho ti&ecirc;u cay cay, mặn mặn v&agrave; thơm phức thật đưa cơm. Đặc biệt với c&aacute;ch kho thịt ba chỉ ngon n&agrave;y, nước sốt sẽ đậm đ&agrave; d&ugrave;ng l&agrave;m nước chấm dưa leo v&agrave; rau sống gi&ograve;n m&aacute;t rất ngon miệng lu&ocirc;n nh&eacute;. Tranh thủ những l&uacute;c trời lạnh, h&atilde;y l&agrave;m ngay cho bữa cơm gia đ&igrave;nh một nồi thịt ba chỉ kho ti&ecirc;u ngon cực đỉnh với c&aacute;ch nấu thịt ba chỉ kho ti&ecirc;u n&agrave;y n&agrave;o.</p>\r\n\r\n<ul>\r\n	<li><img src=\"https://image.cooky.vn/recipe/g2/16683/s240x240/recipe16683-prepare-step5-635935442918549027.jpg\" /></li>\r\n	<li><img src=\"https://image.cooky.vn/recipe/g2/16683/s240x240/recipe16683-prepare-step5-635935442919017028.jpg\" /></li>\r\n	<li><img src=\"https://image.cooky.vn/recipe/g2/16683/s240x240/recipe16683-prepare-step5-635935442919797030.jpg\" /></li>\r\n	<li><img src=\"https://image.cooky.vn/recipe/g2/16683/s240x240/recipe16683-prepare-step5-635935442920265030.jpg\" /></li>\r\n	<li><img src=\"https://image.cooky.vn/recipe/g2/16683/s240x240/recipe16683-prepare-step5-635935442940077065.jpg\" /></li>\r\n</ul>\r\n', '<ul>\r\n	<li>\r\n	<p>Thịt ba chỉ</p>\r\n\r\n	<p>H&agrave;nh l&aacute;</p>\r\n\r\n	<p>Tỏi băm</p>\r\n\r\n	<p>H&agrave;nh t&iacute;m băm</p>\r\n\r\n	<p>Nước mắm</p>\r\n\r\n	<p>Muối</p>\r\n\r\n	<p>Đường trắng</p>\r\n\r\n	<p>Bột ngọt</p>\r\n\r\n	<p>Ti&ecirc;u</p>\r\n\r\n	<p>Dầu ăn</p>\r\n\r\n	<p>Ớt</p>\r\n	</li>\r\n</ul>\r\n', 1),
(28, 15, 10, 'Của cải kho trắng thịt ', '2020-12-21 03:29:37', 'Không quá cầu kì, nhưng món ăn bình dân này lại là món ưa thích của biết bao người mỗi độ thu về, khi mà củ cải bắt đầu được thu hoạch và bán phổ biến.', 'phungit171cu_cai_kho_thit.jpg', '<p>1.</p>\r\n\r\n<p>Củ cải nạo vỏ, cắt kh&uacute;c chừng 2-3cm, bổ đ&ocirc;i, x&oacute;c với 1/2 muỗng c&agrave; ph&ecirc; muối.</p>\r\n\r\n<ul>\r\n	<li><img src=\"https://image.cooky.vn/recipe/g1/2351/s240x240/recipe2351-cook-step1-635738498954974685.JPG\" /></li>\r\n	<li><img src=\"https://image.cooky.vn/recipe/g1/2351/s240x240/recipe2351-cook-step1-635738498955598686.jpg\" /></li>\r\n</ul>\r\n\r\n<p>2.</p>\r\n\r\n<p>Cho củ cải x&oacute;c muối v&agrave;o nồi, tiếp theo đổ chung thịt, 2 muỗng c&agrave; ph&ecirc; dầu ăn, 2 muỗng c&agrave; ph&ecirc; nước tương, 1 muỗng c&agrave; ph&ecirc; nước m&agrave;u, ướp th&ecirc;m 15 ph&uacute;t nữa.</p>\r\n\r\n<ul>\r\n	<li><img src=\"https://image.cooky.vn/recipe/g1/2351/s240x240/recipe2351-prepare-step1-635738499045610844.JPG\" /></li>\r\n</ul>\r\n\r\n<p>3.</p>\r\n\r\n<p>Thịt rửa sạch, cắt miếng d&agrave;y, ướp với 2 muỗng canh nước mắm, h&agrave;nh t&iacute;m băm, 1/2 muỗng c&agrave; ph&ecirc; ti&ecirc;u, 1 muỗng c&agrave; ph&ecirc; đường, 1 muỗng c&agrave; ph&ecirc; bột ngọt.</p>\r\n\r\n<ul>\r\n	<li><img src=\"https://image.cooky.vn/recipe/g1/2351/s240x240/recipe2351-cook-step2-635738499008482779.JPG\" /></li>\r\n</ul>\r\n\r\n<p>4.</p>\r\n\r\n<p>Sau đ&oacute;, bắc nồi l&ecirc;n bếp, x&agrave;o củ cải v&agrave; thịt, để lửa vừa đến khi thấy thịt hơi săn lại. Cho nước x&acirc;m xấp mặt thịt, đun s&ocirc;i, n&ecirc;m gia vị vừa ăn rồi vặn nhỏ lửa đến khi củ cải v&agrave; thịt mềm.</p>\r\n\r\n<ul>\r\n	<li><img src=\"https://image.cooky.vn/recipe/g1/2351/s240x240/recipe2351-prepare-step2-635738499086638916.JPG\" /></li>\r\n</ul>\r\n\r\n<p>5.</p>\r\n\r\n<p>M&uacute;c củ cải trắng kho thịt ra thố, rắc ch&uacute;t h&agrave;nh l&aacute;. Ăn n&oacute;ng với cơm.</p>\r\n\r\n<ul>\r\n	<li><img src=\"https://image.cooky.vn/recipe/g1/2351/s240x240/recipe2351-prepare-step3-635738499117214970.JPG\" /></li>\r\n</ul>\r\n', '<ul>\r\n	<li>Củ cải trắng</li>\r\n	<li>H&agrave;nh t&iacute;m băm</li>\r\n	<li>Ớt1&nbsp;Tr&aacute;i</li>\r\n	<li>Đường trắng</li>\r\n	<li>Ti&ecirc;u</li>\r\n	<li>Dầu ăn</li>\r\n	<li>Nước mắm</li>\r\n	<li>Nước m&agrave;u</li>\r\n	<li>Muối</li>\r\n	<li>Nước tương</li>\r\n</ul>\r\n', 1),
(29, 15, 10, 'Thịt Kho Mắm ruốc', '2020-12-21 03:29:32', 'Thịt Heo Kho Mắm Ruốc là món ăn ngon dễ làm, quen thuộc của bữa cơm gia đình Việt.', 'phungit194thit_heo_kho_mam_ruoc.jpg', '<p>1.</p>\r\n\r\n<p>Thịt ba rọi rửa sạch cắt vừa ăn. C&aacute;c nguy&ecirc;n liệu như sả bằm, mắm ruốc, ớt sừng chuẩn bị sẵn. Mắm ruốc đ&aacute;nh tan với nước lọc, để lắng cặn rồi lọc lại cho sạch c&aacute;t.</p>\r\n\r\n<ul>\r\n	<li><img src=\"https://image.cooky.vn/recipe/g1/789/s240x240/recipe789-cook-step5-637044000468579427.gif\" /></li>\r\n	<li><img src=\"https://image.cooky.vn/recipe/g1/789/s240x240/recipe789-cook-step5-637044000445454688.gif\" /></li>\r\n</ul>\r\n\r\n<p>2.</p>\r\n\r\n<p>C&aacute;ch l&agrave;m thịt kho mắm ruốc: L&agrave;m n&oacute;ng dầu, cho sả v&agrave;o phi v&agrave;ng, tiếp đến cho ớt bằm v&agrave;o. Cho thịt ba rọi v&agrave;o trộn đều đến khi thịt hơi v&agrave;ng. Cho mắm ruốc đ&atilde; h&ograve;a tan v&agrave;o, để lửa nhỏ kho cho thấm thịt. Th&ecirc;m hai th&igrave;a c&agrave; ph&ecirc; ớt sa tế, trộn đều rồi n&ecirc;m lại gia vị cho vừa ăn.</p>\r\n\r\n<ul>\r\n	<li><img src=\"https://image.cooky.vn/recipe/g1/789/s240x240/recipe789-prepare-step1-635533723708369688.gif\" /></li>\r\n	<li><img src=\"https://image.cooky.vn/recipe/g1/789/s240x240/recipe789-cook-step2-637044000928741307.gif\" /></li>\r\n	<li><img src=\"https://image.cooky.vn/recipe/g1/789/s240x240/recipe789-cook-step2-637044000928897799.gif\" /></li>\r\n</ul>\r\n\r\n<p>3.</p>\r\n\r\n<p>Kho đến khi mắm kẹo lại, tỏa m&ugrave;i thơm nức l&agrave; đ&atilde; ho&agrave;n th&agrave;nh xong rồi đ&oacute;. Thịt heo mắm ruốc hay thịt ba chỉ kho mắm ruốc l&agrave; m&oacute;n ngon cực kỳ đưa cơm, quen thuộc của gia đ&igrave;nh Việt m&igrave;nh. C&aacute;c bạn nữ d&ugrave; c&oacute; bận đến đ&acirc;u cũng n&ecirc;n lưu c&aacute;ch l&agrave;m thịt kho mắm ruốc n&agrave;y lại để c&oacute; dịp trổ t&agrave;i nh&eacute;.</p>\r\n\r\n<ul>\r\n	<li><img src=\"https://image.cooky.vn/recipe/g1/789/s240x240/recipe789-prepare-step4-635533757660264219.gif\" /></li>\r\n	<li><img src=\"https://image.cooky.vn/recipe/g1/789/s240x240/recipe789-prepare-step4-635533757728076719.jpg\" /></li>\r\n</ul>\r\n', '<ul>\r\n	<li>Thịt ba chỉ</li>\r\n	<li>Mắm ruốc</li>\r\n	<li>Dầu ăn</li>\r\n	<li>Đường trắng</li>\r\n	<li>Bột ngọt</li>\r\n	<li>Sả</li>\r\n	<li>Ớt</li>\r\n</ul>\r\n', 1),
(30, 15, 10, 'Miến xào heo', '2020-12-21 03:29:29', 'đây là món ân ngon tuyệt vời', 'phungit64Mien_xao_heo.jpg', '<p>1.</p>\r\n\r\n<p>Miến rửa sạch, ng&acirc;m với nước lạnh cho đến khi miến mềm rồi mới vớt miến ra, cắt th&agrave;nh đoạn nhỏ vừa ăn. Nếu bạn đang vội, bạn c&oacute; thể ng&acirc;m miến với nước ấm cho tiết kiệm thời gian.</p>\r\n\r\n<ul>\r\n	<li><img src=\"https://image.cooky.vn/recipe/g1/6365/s240x240/recipe6365-cook-step1-636008063024429056.jpg\" /></li>\r\n</ul>\r\n\r\n<p>2.</p>\r\n\r\n<p>Phi thơm tỏi băm, gừng, đầu trắng h&agrave;nh l&aacute; với 2 muỗng canh dầu ăn. Cho thịt heo bằm v&agrave;o, đảo đều.</p>\r\n\r\n<ul>\r\n	<li><img src=\"https://image.cooky.vn/recipe/g1/6365/s240x240/recipe6365-prepare-step1-636008064057306870.jpg\" /></li>\r\n	<li><img src=\"https://image.cooky.vn/recipe/g1/6365/s240x240/recipe6365-prepare-step1-636008064073374899.jpg\" /></li>\r\n</ul>\r\n\r\n<p>3.</p>\r\n\r\n<p>Thịt heo bằm cho v&agrave;o t&ocirc;. H&agrave;nh l&aacute; cắt nhỏ, để ri&ecirc;ng phần đầu trắng h&agrave;nh l&aacute;. Tỏi b&oacute;c vỏ, gừng gọt vỏ, băm nhỏ.</p>\r\n\r\n<ul>\r\n	<li><img src=\"https://image.cooky.vn/recipe/g1/6365/s240x240/recipe6365-cook-step2-636008063566062008.jpg\" /></li>\r\n</ul>\r\n\r\n<p>4.</p>\r\n\r\n<p>Tiếp theo, cho 1 muỗng canh sa tế v&agrave;o, đảo đều. Lượng sa tế bạn c&oacute; thể cho th&ecirc;m t&ugrave;y v&agrave;o khẩu vị của gia đ&igrave;nh.</p>\r\n\r\n<ul>\r\n	<li><img src=\"https://image.cooky.vn/recipe/g1/6365/s240x240/recipe6365-prepare-step2-636008064927944400.jpg\" /></li>\r\n</ul>\r\n\r\n<p>5.</p>\r\n\r\n<p>Cho miến v&agrave;o, đảo đều nhẹ tay. Th&ecirc;m 160ml nước n&oacute;ng hoặc nước d&ugrave;ng, tiếp tục đun s&ocirc;i rồi mới hạ nhỏ lửa. Đun liu riu trong khoảng v&agrave;i ph&uacute;t cho sợi miến nở mềm. N&ecirc;m gia vị 1 muỗng canh nước tương, 1 muỗng canh dầu h&agrave;o, 1/2 muỗng c&agrave; ph&ecirc; muối v&agrave;o cho vừa ăn.</p>\r\n\r\n<ul>\r\n	<li><img src=\"https://image.cooky.vn/recipe/g1/6365/s240x240/recipe6365-prepare-step3-636008066894171853.jpg\" /></li>\r\n	<li><img src=\"https://image.cooky.vn/recipe/g1/6365/s240x240/recipe6365-prepare-step3-636008066917883895.jpg\" /></li>\r\n</ul>\r\n\r\n<p>6.</p>\r\n\r\n<p>Tắt bếp, cho h&agrave;nh l&aacute; v&agrave;o, trộn đều. B&agrave;y m&oacute;n ăn ra đĩa, d&ugrave;ng n&oacute;ng nh&eacute;!</p>\r\n\r\n<ul>\r\n	<li><img src=\"https://image.cooky.vn/recipe/g1/6365/s240x240/recipe6365-prepare-step4-636008067109608232.jpg\" /></li>\r\n	<li><img src=\"https://image.cooky.vn/recipe/g1/6365/s240x240/recipe6365-prepare-step4-636008067134880276.jpg\" /></li>\r\n	<li><img src=\"https://image.cooky.vn/recipe/g1/6365/s240x240/recipe6365-prepare-step4-636008067152352307.jpg\" /></li>\r\n</ul>\r\n', '<ul>\r\n	<li>Miến</li>\r\n	<li>Thịt heo bằm</li>\r\n	<li>Sa tế</li>\r\n	<li>Tỏi</li>\r\n	<li>H&agrave;nh l&aacute;</li>\r\n	<li>Gừng</li>\r\n	<li>Nước tương</li>\r\n	<li>Dầu h&agrave;o</li>\r\n	<li>Muối</li>\r\n	<li>Dầu ăn</li>\r\n</ul>\r\n', 1);

-- --------------------------------------------------------

--
-- Cấu trúc bảng cho bảng `sach`
--

CREATE TABLE `sach` (
  `id` int(11) NOT NULL,
  `id_User` int(11) NOT NULL,
  `ten_sach` varchar(50) NOT NULL,
  `tac_gia` varchar(50) NOT NULL,
  `don_gia` int(11) NOT NULL,
  `img_sach` varchar(200) NOT NULL,
  `ngay_dang` timestamp NOT NULL DEFAULT current_timestamp() ON UPDATE current_timestamp(),
  `soLuong` int(11) NOT NULL,
  `mo_ta` text NOT NULL
) ENGINE=InnoDB DEFAULT CHARSET=utf8mb4;

--
-- Đang đổ dữ liệu cho bảng `sach`
--

INSERT INTO `sach` (`id`, `id_User`, `ten_sach`, `tac_gia`, `don_gia`, `img_sach`, `ngay_dang`, `soLuong`, `mo_ta`) VALUES
(1, 9, 'Nấu như người Han', 'Roobin Ha', 100000, 'phung109nauNhu_nguoiHan.jpg', '2020-12-11 15:19:02', 2, '<p>Kh&aacute;c với những cuốn s&aacute;ch nấu ăn th&ocirc;ng thường,&nbsp;<strong>Nấu như người H&agrave;n</strong>&nbsp;với hơn 60 m&oacute;n ăn cả truyền thống v&agrave; hiện đại, đ&atilde; được Rob</p>\r\n'),
(2, 9, 'Sống sạch để xanh , ăn lành để khỏe', 'Sống Sạch Để Xanh, Ăn Lành Để KhoẻTác giả:', 100000, 'phung47songsach.jpg', '2020-12-22 01:26:36', 1, '<p>Trong điều kiện vật chất đầy đủ hiện nay, con người kh&ocirc;ng chỉ quan t&acirc;m đến ăn no, ăn ngon m&agrave; c&ograve;n ch&uacute; trọng đến việc thức ăn ảnh hưởng thế n&agrave;o tới sức khỏe v&agrave; ngoại h&igrave;nh. Thức ăn bạn đưa v&agrave;o cơ thể t&aacute;c động trực tiếp đến v&oacute;c d&aacute;ng, sức khỏe v&agrave; cảm gi&aacute;c của bạn. Điều n&agrave;y hẳn ai cũng biết, nhưng chỉ khi trực tiếp trải nghiệm, bạn mới thấu hiểu tầm quan trọng của việc lựa chọn thức ăn.</p>\r\n\r\n<p>Thức ăn c&oacute; thể độc hại hoặc c&oacute; t&iacute;nh chữa l&agrave;nh, tất cả phụ thuộc v&agrave;o việc bạn quyết định ăn g&igrave;. Khi bạn đưa thực phẩm chế biến sẵn v&agrave;o cơ thể, bạn sẽ cảm thấy uể oải v&agrave; căng chướng, khiến cơ thể mất đi khả năng tự chữa l&agrave;nh. Khi chuyển sang d&ugrave;ng thức ăn sạch sẽ, tự nhi&ecirc;n v&agrave; gi&agrave;u dinh dưỡng, bạn sẽ cảm thấy dễ chịu, đ&oacute; l&agrave; qu&aacute; tr&igrave;nh cơ thể bạn phục hồi năng lượng v&agrave; tăng đề kh&aacute;ng. Đ&acirc;y l&agrave; kiến thức cơ bản về dinh dưỡng, tuy nhi&ecirc;n kh&ocirc;ng phải ai cũng hiểu r&otilde; v&agrave; &aacute;p dụng n&oacute; v&agrave;o sinh hoạt hằng ng&agrave;y.</p>\r\n\r\n<p>&nbsp;Nếu bạn vẫn chưa biết những nguy&ecirc;n tắc ăn uống cơ bản để bảo vệ, cải thiện sức khoẻ cả th&igrave; cuốn s&aacute;ch &ldquo;Sống sạch để xanh ăn l&agrave;nh để khỏe&rdquo; của t&aacute;c giả Nicolette Richer - sẽ dạy bạn điều đ&oacute;. Cuốn s&aacute;ch n&agrave;y d&agrave;nh cho những tất cả những trường hợp:</p>\r\n\r\n<p>●&nbsp; Bạn bị thừa c&acirc;n, b&eacute;o ph&igrave;, c&oacute; nguy cơ mắc c&aacute;c bệnh như tim mạch, tiểu đường, u nội tạng&hellip;</p>\r\n\r\n<p>●&nbsp; Bạn kh&ocirc;ng mắc bệnh hiểm ngh&egrave;o nhưng bị một số triệu chứng kh&oacute; chịu như vẩy nến, ch&agrave;m, đỏ mặt, thường xuy&ecirc;n nổi mụn.</p>\r\n\r\n<p>●&nbsp; Bạn phải sống chung với c&aacute;c cơn đau m&atilde;n t&iacute;nh, như chứng vi&ecirc;m khớp, đau lưng, đau đầu, đau nửa đầu, kh&oacute; chịu đường ruột, buồn ch&acirc;n&hellip;</p>\r\n\r\n<p>●&nbsp; Bạn phải dựa v&agrave;o thuốc để kiểm so&aacute;t c&aacute;c triệu chứng của m&igrave;nh, v&agrave; bạn chỉ muốn quăng hết đi, kh&ocirc;ng phải đụng v&agrave;o thuốc lần n&agrave;o nữa (Kh&ocirc;ng thuốc, kh&ocirc;ng t&aacute;c dụng phụ!).</p>\r\n\r\n<p>●&nbsp; Bạn đ&atilde; chứng kiến những người th&acirc;n y&ecirc;u khổ sở v&igrave; bệnh tật - vi&ecirc;m khớp, suy giảm tr&iacute; nhớ, Alzheimer, b&eacute;o ph&igrave;, đủ loại vấn đề sức khỏe - v&agrave; bạn muốn ph&ograve;ng bệnh thay v&igrave; chữa bệnh.</p>\r\n\r\n<p>●&nbsp; Bạn mệt mỏi, uể oải, kh&ocirc;ng đạt được phong độ tốt nhất của m&igrave;nh.</p>\r\n\r\n<p>●&nbsp; Bạn đ&atilde; c&oacute; một lối sống kh&aacute; l&agrave;nh mạnh, nhưng bạn cảm thấy m&igrave;nh đ&atilde; sẵn s&agrave;ng để &ldquo;n&acirc;ng cấp&rdquo;. Bạn muốn cảm thấy tốt hơn, hướng tới đạt được trạng th&aacute;i sức khỏe tốt nhất chứ kh&ocirc;ng chỉ l&agrave; &ldquo;kh&aacute; tốt&rdquo; nữa.</p>\r\n\r\n<p>Th&ocirc;ng qua những chỉ dẫn cụ thể trong s&aacute;ch &ldquo;Sống sạch để xanh ăn l&agrave;nh để khoẻ&rdquo;, bạn sẽ học được c&aacute;ch:</p>\r\n\r\n<p>- Chỉnh đốn th&oacute;i quen ăn uống v&agrave; lối sống của bản th&acirc;n v&agrave; gia đ&igrave;nh.</p>\r\n\r\n<p>- Cung cấp đầy đủ chất dinh dưỡng cho cơ thể v&agrave; thanh lọc c&aacute;c chất độc.</p>\r\n\r\n<p>- Cải thiện c&aacute;c triệu chứng bệnh, đẩy nhanh qu&aacute; tr&igrave;nh hồi phục thể chất v&agrave; tinh thần.</p>\r\n\r\n<p>- Tăng cường hệ miễn dịch, biến cơ thể của bạn trở th&agrave;nh cỗ m&aacute;y chống lại mọi bệnh tật.</p>\r\n\r\n<p>Với nội dung hữu &iacute;ch, c&aacute;ch tr&igrave;nh b&agrave;y th&ocirc;ng tin khoa học v&agrave; lối viết thu h&uacute;t, &ldquo;Sống sạch để xanh ăn l&agrave;nh để khoẻ&rdquo; hấp dẫn hơn bất kỳ cuốn s&aacute;ch về sức khoẻ n&agrave;o kh&aacute;c. H&atilde;y đặt cuốn s&aacute;ch n&agrave;y trong bếp, n&oacute; sẽ thường xuy&ecirc;n nhắc bạn phải chăm s&oacute;c thật tốt cơ thể của m&igrave;nh. H&atilde;y nhớ rằng bạn chỉ c&oacute; duy nhất một cơ thể m&agrave; th&ocirc;i!</p>\r\n'),
(3, 9, 'Về nhà ăn cơm', 'Đức Nguyễn ', 94500, 'phung143ve_nha_an_com.jpg', '2020-12-03 09:12:18', 5, '<p>Ăn chay kh&ocirc;ng chỉ c&ograve;n nằm ở khu&ocirc;n khổ t&acirc;m linh m&agrave; ng&agrave;y nay c&ograve;n đang dần trở th&agrave;nh xu hướng được nhiều người chọn lựa kể cả những bạn trẻ.</p>\r\n\r\n<p>Bởi vậy, c&agrave;ng ng&agrave;y đồ ăn chay c&agrave;ng được chế biến đa dạng, cầu k&igrave; v&agrave; nhiều dinh dưỡng hơn. M&oacute;n ăn chay hiện nay kh&ocirc;ng đơn thuần l&agrave; những m&oacute;n ăn đơn giản với những nguy&ecirc;n liệu chủ yếu từ rau củ, đậu n&agrave;nh, đậu hũ lặp đi lặp lại như trước nữa. Với những nguy&ecirc;n liệu mới, phong ph&uacute; v&agrave; c&aacute;ch chế biến đa dạng, m&oacute;n chay đ&atilde; trở th&agrave;nh m&oacute;n ăn cao cấp, sang trọng với hương vị mới mẻ v&agrave; được tr&igrave;nh b&agrave;y đẹp mắt.</p>\r\n\r\n<p><strong>Với 45 c&ocirc;ng thức thuần chay đơn giản, dễ nấu trong &ldquo;Về ăn cơm&rdquo;- c&aacute;i t&ecirc;n th&acirc;n thương gợi l&ecirc;n bữa cơm gia đ&igrave;nh đầm ấm sẽ thổi một l&agrave;n gi&oacute; mới v&agrave;o căn bếp nhỏ trong mỗi gia đ&igrave;nh để c&aacute;c bạn được tiếp th&ecirc;m cảm hứng với lối ăn uống l&agrave;nh mạnh n&agrave;y cũng như sẽ đập tan được mọi định kiến của bạn về &ldquo;ăn chay giả thịt&rdquo;, hay ăn chay l&agrave; nhạt nhẽo đ&atilde; tồn tại trong t&acirc;m thức của người Việt suốt một thời gian d&agrave;i.&nbsp;</strong></p>\r\n\r\n<p><strong>TH&Ocirc;NG TIN VỀ ILOVECOOKBOOK:</strong></p>\r\n\r\n<p>I love Cookbook l&agrave; đơn vị xuất bản s&aacute;ch Cookbook cao cấp đầu ti&ecirc;n tại Việt Nam. Ra đời v&agrave;o th&aacute;ng 7/2013, I love Cookbook mang sứ mệnh truyền tải tinh hoa về ẩm thực qua từng trang s&aacute;ch. Qua gần 05 năm nỗ lực trưởng th&agrave;nh, I love Cookbook dần định vị phong c&aacute;ch chuy&ecirc;n nghiệp v&agrave; nhận được ủng hộ nhiệt th&agrave;nh từ độc giả cũng như c&aacute;c t&aacute;c giả của d&ograve;ng s&aacute;ch cookbook.</p>\r\n\r\n<p><strong>TH&Ocirc;NG TIN VỀ T&Aacute;C GIẢ</strong></p>\r\n\r\n<p>Đức Nguyễn hay c&ograve;n được gọi l&agrave; Ducan l&agrave; một người từng lang thang ăn ngo&agrave;i qu&aacute;n v&agrave; coi việc bếp n&uacute;c l&agrave; một g&aacute;nh nặng, Nhưng Đức dần coi việc ở g&oacute;c bếp l&agrave; chuyện vui, để m&agrave; cố gắng l&agrave;m mỗi ng&agrave;y. M&agrave; chuyện vui th&igrave; cần được sẻ chia. V&igrave; vậy m&agrave; Ducan Kitchen ra đời như một lẽ tất yếu. Blog n&agrave;y l&agrave; sự kếp hợp giữa ba niềm y&ecirc;u th&iacute;ch của bản th&acirc;n đức đ&oacute; l&agrave;: nấu nướng, viết l&aacute;ch v&agrave; nhiếp ảnh.</p>\r\n\r\n<p>Đức đ&atilde; n&oacute;i về bản th&acirc;n như thế n&agrave;y:</p>\r\n\r\n<p><em>Nấu Nướng</em></p>\r\n\r\n<p>Để m&agrave; viết về chuyện bếp n&uacute;c, m&igrave;nh c&oacute; thể ngồi lải nhải cho bạn nghe cả ng&agrave;y cũng kh&ocirc;ng hết. Từng l&agrave; c&ocirc;ng việc năng nhọc m&igrave;nh trốn tr&aacute;nh. Hay l&agrave; sự hiện th&acirc;n của nh&agrave;m ch&aacute;n m&agrave; m&igrave;nh gắng l&agrave;m cho xong. Từng l&agrave; c&ocirc;ng việc m&igrave;nh coi l&agrave; thừa th&atilde;i trong cuộc sống bận rộn n&agrave;y. Giờ đ&acirc;y với m&igrave;nh, việc nấu nướng trở th&agrave;nh một phần của cuộc sống. N&oacute; đ&atilde; hết ch&aacute;n, hết nhọc m&agrave; lại vui. M&igrave;nh vẫn nhớ những lần vụng về nấu cơm c&ograve;n sống, nướng b&aacute;nh ch&aacute;y kh&eacute;t hay x&agrave;o rau chưa ch&iacute;n. Rồi những lần thử nghiệm c&ocirc;ng thức mới th&agrave;nh c&ocirc;ng v&agrave; m&igrave;nh tự ăn rồi tự khen ngon.</p>\r\n\r\n<p><em>Viết l&aacute;ch</em></p>\r\n\r\n<p>Người ta vẫn hay bảo rằng nhiều điều kh&oacute; c&oacute; thể diễn đạt bằng con chữ. Ấy vậy nhiều khi m&igrave;nh vẫn chọn con chữ để gửi gắm. Chuyện vui, chuyện buồn đều c&oacute; đủ. L&uacute;c th&igrave; viết cho m&igrave;nh, l&uacute;c th&igrave; viết cho những người xa lạ. Chuyện g&igrave; cũng viết. Rồi m&igrave;nh tự hỏi rằng sao lại kh&ocirc;ng viết về chuyện bếp n&uacute;c, như một c&aacute;ch để gửi gắm niềm vui nấu nướng đến mọi người.</p>\r\n\r\n<p><em>Nhiếp ảnh</em></p>\r\n\r\n<p>Ngồi nhớ lại những ng&agrave;y chỉ c&oacute; tr&ecirc;n tay chiếc điện thoại c&ugrave;i bắp, chụp lấy vạn vật xung quanh như một c&aacute;ch lưu giữ lại khoảnh khắc của cuộc sống. Tr&ecirc;n tay m&igrave;nh kh&ocirc;ng c&ograve;n chiếc điện thoại c&ugrave;i bắp kia nữa, thay v&agrave;o đ&oacute; l&agrave; một chiếc m&aacute;y ảnh tốt hơn, nhưng động cơ th&igrave; vẫn c&ograve;n nguy&ecirc;n. Lưu giữ khoảnh khắc của người, của vật, v&agrave; giờ l&agrave; đồ ăn.</p>\r\n\r\n<p>Ducan &ndash; Ch&agrave;ng trai với vẻ ngo&agrave;i đ&aacute;ng y&ecirc;u sẽ khiến bạn cảm mếm ngay từ lần đầu gặp mặt; An y&ecirc;n, trong s&aacute;ng v&agrave; chững chặc giống như ch&iacute;nh niềm y&ecirc;u th&iacute;ch nấu đồ ăn chay của m&igrave;nh.</p>\r\n\r\n<p>Gi&aacute; sản phẩm tr&ecirc;n Tiki đ&atilde; bao gồm thuế theo luật hiện h&agrave;nh. Tuy nhi&ecirc;n tuỳ v&agrave;o từng loại sản phẩm hoặc phương thức, địa chỉ giao h&agrave;ng m&agrave; c&oacute; thể ph&aacute;t sinh th&ecirc;m chi ph&iacute; kh&aacute;c như ph&iacute; vận chuyển, phụ ph&iacute; h&agrave;ng cồng kềnh, ...</p>\r\n'),
(4, 9, 'Khởi sự ăn chay', 'Nguyễn Quỳnh Nga', 107000, 'phung97khoi_su_an_chay.png', '2020-12-13 14:03:50', 2, '<p><img alt=\"\" src=\"https://salt.tikicdn.com/ts/tmp/ea/a2/d8/870ed148e1a4b6774c1498ddd1d22259.jpg\" style=\"height:481px; width:750px\" /></p>\r\n\r\n<p><img alt=\"\" src=\"https://salt.tikicdn.com/ts/tmp/94/ec/d6/a5dfa6d4d0cb3c1a7e3318780f92fc6f.jpg\" style=\"height:527px; width:750px\" /></p>\r\n\r\n<p>&ldquo;Khởi sự ăn chay&rdquo; kh&ocirc;ng chỉ l&agrave; một cuốn s&aacute;ch hướng dẫn nấu ăn, c&agrave;ng kh&ocirc;ng phải đơn thuần l&agrave; tuyển tập c&aacute;c m&oacute;n chay. Cuốn s&aacute;ch l&agrave; sự dẫn dắt đầy cảm hứng, s&aacute;ng tỏ v&agrave; khoa học d&agrave;nh cho bạn, từ t&aacute;c giả Đức Nguyễn - một người ăn chay văn minh v&agrave; khoẻ mạnh. Bạn c&oacute; thể t&igrave;m thấy trong cuốn s&aacute;ch n&agrave;y lời giải đ&aacute;p cho những băn khoăn cơ bản nhất khi bắt đầu ăn chay. Bạn cũng c&oacute; thể ồ l&ecirc;n th&iacute;ch th&uacute; khi ph&aacute;t hiện ra ăn chay quả l&agrave; một nghệ thuật, thứ nghệ thuật giờ đ&acirc;y được s&aacute;ng tỏ dưới g&oacute;c nh&igrave;n khoa học dinh dưỡng. V&agrave; rồi bạn h&aacute;o hứng kh&aacute;m ph&aacute; những m&oacute;n chay ngon, l&agrave;nh, đẹp như một b&agrave;i thơ. Bạn sẽ thấy h&agrave;nh tr&igrave;nh ăn chay thật vui v&agrave; th&uacute; vị!<br />\r\nĐ&oacute; l&agrave; h&agrave;nh tr&igrave;nh t&igrave;m đến sự c&acirc;n bằng v&agrave; b&igrave;nh y&ecirc;n giữa ẩm thực v&agrave; cuộc sống, giữa những lựa chọn c&aacute; nh&acirc;n đến những mục ti&ecirc;u bền vững hơn cho ch&iacute;nh bạn, cho m&ocirc;i trường hay cho Tr&aacute;i Đất. D&ugrave; thế n&agrave;o đi nữa, h&atilde;y thử lần giở bất cứ trang s&aacute;ch n&agrave;o, hẳn bạn sẽ đồng &yacute; với t&ocirc;i, rằng mỗi trang s&aacute;ch đều l&agrave; một pho t&acirc;m huyết của t&aacute;c giả - với trọn vẹn tấm l&ograve;ng, tri thức v&agrave; t&igrave;nh y&ecirc;u của anh ấy, l&agrave; d&agrave;nh cho bạn!<br />\r\nFood Blogger Phan Anh (Esheep)<br />\r\nEat Clean c&oacute; phải l&agrave; ăn chay kh&ocirc;ng?<br />\r\nĂn chay c&oacute; Eat Clean kh&ocirc;ng?<br />\r\nT&ocirc;i kh&ocirc;ng nhớ m&igrave;nh được hỏi hai c&acirc;u hỏi tr&ecirc;n bao nhi&ecirc;u lần trong suốt thời gian l&agrave;m tư vấn dinh dưỡng. Nhiều khi t&ocirc;i c&ograve;n tự nhủ với bản th&acirc;n m&igrave;nh, gi&aacute; c&oacute; cuốn s&aacute;ch hướng dẫn cụ thể về ăn chay cho những người mới bắt đầu như l&agrave; c&aacute;ch t&ocirc;i viết cuốn Eat Clean d&agrave;nh cho người mới l&agrave;m quen với Eat Clean th&igrave; tốt qu&aacute;.<br />\r\nĐ&ugrave;ng một c&aacute;i, t&ocirc;i nhận được tin nhắn từ Đức &ldquo;Chị! Em ho&agrave;n th&agrave;nh bản thảo Khởi Sự Ăn Chay rồi. Chị đọc rồi cho em &yacute; kiến nh&eacute;!&rdquo; L&uacute;c đấy t&ocirc;i chỉ muốn cười ph&aacute; l&ecirc;n &ldquo;Ho&aacute; ra vũ trụ đ&atilde; lắng nghe m&igrave;nh.&rdquo; T&iacute;nh Đức rất cẩn thận n&ecirc;n chẳng lạ g&igrave; khi nội dung của cuốn s&aacute;ch rất tỉ mỉ v&agrave; chi tiết từ những kiến thức cơ bản nhất cho đến những lo lắng về việc ăn chay kh&ocirc;ng đủ chất, những hiều lầm về việc ăn chay chỉ d&agrave;nh cho người theo đạo Phật hay trị bệnh đều được Đức l&yacute; giải v&agrave; ho&aacute; giải một c&aacute;ch rất đời thường v&agrave; dễ hiểu. Những kiến thức về dinh dưỡng của Đức rất s&acirc;u nhưng đều được diễn giải rất dễ hiểu.<br />\r\nTr&aacute;i với &ldquo;Về Nh&agrave; Ăn Cơm&rdquo; l&agrave; tập hợp những m&oacute;n ăn chay thuần Việt đậm chất m&acirc;m cơm gia đ&igrave;nh th&igrave; &ldquo;Khởi Sự Ăn Chay&rdquo; tập trung v&agrave;o c&aacute;c m&oacute;n chay đơn giản, nguy&ecirc;n liệu dễ t&igrave;m v&agrave; thời gian nấu nhanh gọn gi&uacute;p những người mới t&igrave;m hiểu về việc ăn chay cũng c&oacute; thể dễ d&agrave;ng v&agrave;o bếp chế biến chỉ trong t&iacute;ch tắc. Đặc biệt hơn nữa Đức &aacute;p dụng đ&uacute;ng nguy&ecirc;n l&yacute; 14 ng&agrave;y để x&acirc;y dựng một th&oacute;i quen mới để đưa ra thực đơn gi&uacute;p độc giả l&agrave;m quen được với việc ăn chay l&agrave;nh mạnh hơn chỉ trong hai tuần. Cuốn s&aacute;ch thực sự ph&ugrave; hợp cho những ai đang t&igrave;m hiểu về ăn chay, đang bối rối kh&ocirc;ng n&ecirc;n bắt đầu từ đ&acirc;u hay chỉ đơn giản muốn bổ sung cho thực đơn hằng ng&agrave;y những m&oacute;n ăn l&agrave;nh mạnh.<br />\r\nNguyễn Quỳnh Nga - Healthcoach - t&aacute;c giả cuốn s&aacute;ch Best Seller &ldquo;Eat Clean - Thực Đơn 14 Ng&agrave;y Thanh Lọc Cơ Thể V&agrave; Giảm C&acirc;n&rdquo;</p>\r\n\r\n<p>Gi&aacute; sản phẩm tr&ecirc;n Tiki đ&atilde; bao gồm thuế theo luật hiện h&agrave;nh. Tuy nhi&ecirc;n tuỳ v&agrave;o từng loại sản phẩm hoặc phương thức, địa chỉ giao h&agrave;ng m&agrave; c&oacute; thể ph&aacute;t sinh th&ecirc;m chi ph&iacute; kh&aacute;c như ph&iacute; vận chuyển, phụ ph&iacute; h&agrave;ng cồng kềnh, ...</p>\r\n'),
(5, 13, 'Nồi chiên không dầu', 'Urvashi Pitre', 300000, 'Duc137noi_chien_ko_dau.jpg', '2020-12-22 01:26:36', 3, '<p>N&acirc;́u Ăn D&ecirc;̃ Dàng Với N&ocirc;̀i Chi&ecirc;n Kh&ocirc;ng D&acirc;̀u - 100 C&ocirc;ng Thức Bùng N&ocirc;̉ Hương Vị</p>\r\n\r\n<p>&nbsp;</p>\r\n\r\n<p>X&atilde; hội ng&agrave;y c&agrave;ng hiện đại, ch&uacute;ng ta như bị cuốn v&agrave;o v&ograve;ng xo&aacute;y của c&ocirc;ng việc.</p>\r\n\r\n<p>Giữa thế giới x&ocirc; bồ n&agrave;y, c&oacute; một bữa ăn ngon l&agrave;nh, tốn &iacute;t c&ocirc;ng sức v&agrave; thời gian l&agrave; điều kh&ocirc;ng hề dễ d&agrave;ng ch&uacute;t n&agrave;o. V&agrave; rồi nồi chi&ecirc;n kh&ocirc;ng dầu xuất hiện, một thiết bị nh&agrave; bếp mang t&iacute;nh c&aacute;ch mạng thay đổi c&aacute;ch người Mỹ nấu nướng. Urvashi Pitre, t&aacute;c giả cuốn s&aacute;ch sẽ b&agrave;y cho bạn những &ldquo;b&iacute; quyết&rdquo; sử dụng nồi chi&ecirc;n kh&ocirc;ng dầu, hỗ trợ việc nấu nướng trở n&ecirc;n dễ d&agrave;ng hơn. Tất cả c&ocirc;ng thức trong cuốn s&aacute;ch n&agrave;y chỉ tốn khoảng 30-60 ph&uacute;t để ho&agrave;n th&agrave;nh. Bạn chỉ cần chuẩn bị những nguy&ecirc;n liệu tươi ngon, việc c&ograve;n lại cứ để nồi chi&ecirc;n kh&ocirc;ng dầu lo. Nhờ v&agrave;o quạt cưỡng bức nhiệt của nồi, bạn kh&ocirc;ng cần l&agrave;m n&oacute;ng đồ ăn trước v&agrave; hạn chế tối đa lượng dầu sử dụng. Nồi chi&ecirc;n kh&ocirc;ng dầu kh&ocirc;ng những tiết kiện điện, tiết kiệm kh&ocirc;ng gian m&agrave; c&ograve;n giảm thiểu sức n&oacute;ng ph&ograve;ng bếp. Đ&acirc;y l&agrave; sản phẩm ho&agrave;n hảo cho những căn hộ nhỏ chốn thị th&agrave;nh.</p>\r\n\r\n<p>N&ecirc;́u bạn là thành vi&ecirc;n của những h&ocirc;̣i nhóm m&ecirc; n&acirc;́u nướng tr&ecirc;n Facebook hoặc những c&ocirc;̣ng đ&ocirc;̀ng Eat Clean thì chắc chắn bạn sẽ bi&ecirc;́t đ&ecirc;́n sự y&ecirc;u thích dành cho chi&ecirc;́c n&ocirc;̀i này. Dùng ít d&acirc;̀u mỡ hơn, t&ocirc;́t hơn cho sức khỏe, nhanh chóng, ti&ecirc;̣n lợi và an toàn, kh&ocirc;ng lo d&acirc;̀u bắn chính là lý do khi&ecirc;́n n&ocirc;̀i chi&ecirc;n kh&ocirc;ng d&acirc;̀u được tin dùng trong r&acirc;́t nhi&ecirc;̀u căn b&ecirc;́p. Và cu&ocirc;́n sách này ra đời đ&ecirc;̉ bạn t&acirc;̣n hưởng những món ngon cùng chi&ecirc;́c n&ocirc;̀i chi&ecirc;n kh&ocirc;ng d&acirc;̀u của mình.&nbsp;</p>\r\n\r\n<p><strong>Mời bạn đ&oacute;n đọc</strong></p>\r\n'),
(6, 13, 'Các món chay bổ dưỡng', 'Thanh Nguyên, Triệu Thị Chơi', 200000, 'Duc107monchay_bo_duong.jpg', '2020-12-13 14:03:50', 6, '<h3>Các Món Chay B&ocirc;̉ Dưỡng (T&aacute;i Bản 2019)</h3>\r\n\r\n<p>&nbsp;</p>\r\n\r\n<p>&nbsp;</p>\r\n\r\n<p>C&oacute; quan niệm cho rằng ăn chay kh&ocirc;ng đủ chất dinh dưỡng v&agrave; l&agrave;m suy nhược cơ thể. Thế nhưng, c&aacute;c nh&agrave; khoa học đ&atilde; chứng minh rằng, việc ăn chay - nhất l&agrave; ăn c&aacute;c loại rau củ quả sẽ cung cấp cho con người những dưỡng chất cần thiết như: Protid, Lipid, Glucid, c&aacute;c loại vitamin v&agrave; c&aacute;c loại muối v&ocirc; cơ. Mặt kh&aacute;c, việc ăn chay c&oacute; thể ngăn ngừa v&agrave; chữa trị được một số bệnh như b&eacute;o ph&igrave;, ung thư, tim mạch, tiểu đường; đồng thời c&oacute; thể bảo vệ sức khỏe, k&eacute;o d&agrave;i tuổi xu&acirc;n v&agrave; sắc đẹp. Hiện nay, ăn chay đang l&agrave; sự lựa chọn của rất nhiều người.</p>\r\n\r\n<p><strong><em>C&aacute;c M&oacute;n Chay Bổ Dưỡng</em></strong>&nbsp;gợi &yacute; th&ecirc;m nhiều m&oacute;n ngon bổ dưỡng để thực đơn ăn chay của bạn phong ph&uacute; hơn, đầy đủ dinh dưỡng hơn.</p>\r\n\r\n<p><strong>Mời bạn đ&oacute;n đọc.</strong></p>\r\n'),
(7, 13, 'Thực đơn nấu ăn gia đình', 'Cẩm Tuyết', 42000, 'Duc136thuc_don_nau_an_gia_dinh.jpg', '2020-12-22 01:26:35', 0, '<p>Cuốn s&aacute;ch với 50 thực đơn ngon dễ l&agrave;m, kh&ocirc;ng chỉ cung cấp những b&iacute; quyết, kỹ thuật nấu m&oacute;n ngon m&agrave; c&ograve;n chứa đựng sự kết hợp tuyệt vời của những m&oacute;n ăn, đem đến cho gia đ&igrave;nh bạn những bữa ăn mới lạ nhưng vẫn c&acirc;n bằng dinh dưỡng v&agrave; hợp l&yacute; nhất.</p>\r\n\r\n<p>Đ&acirc;y l&agrave; cuốn cẩm nang gi&uacute;p c&aacute;c b&agrave; nội trợ quyết định đưa ra thực đơn ph&ugrave; hợp v&agrave; x&acirc;y dựng cấu tr&uacute;c thực đơn cho mỗi ng&agrave;y.</p>\r\n\r\n<p><strong>Mời bạn đ&oacute;n đọc.</strong></p>\r\n'),
(9, 9, 'Trái tim của Chef', ' Hungazit Nguyen', 130000, 'phung151sach-trai-tim-cua-chef.jpg', '2020-12-22 15:25:42', 21, '<p>Tr&aacute;i tim của Chef kh&ocirc;ng đơn thuần l&agrave; cuốn cookbook đầu tay ghi lại chặng đường của anh từ một cậu b&eacute; ng&acirc;y thơ sống trong cảnh bao cấp cực khổ đến một đầu bếp 5 sao h&agrave;ng đầu Việt Nam, m&agrave; c&ograve;n chứa đựng cả linh hồn H&agrave; Nội, cả một k&yacute; ức nồng n&agrave;n ấm &aacute;p của ẩm thực cổ truyền đặc sắc, những tuyệt kỹ v&agrave; tay nghề đỉnh cao của xu hướng ẩm thực hiện đại, v&agrave; tr&ecirc;n hết, l&agrave; kh&aacute;t khao mong muốn hướng c&aacute;i nh&igrave;n về nghề Bếp v&agrave; c&aacute;c Đầu bếp, những người nấu ăn theo chiều hướng t&iacute;ch cực hơn v&agrave; quyến rũ hơn được thể hiện qua những c&ocirc;ng thức, những shoot h&igrave;nh giản dị m&agrave; tinh tế v&agrave; những cảm nhận d&iacute; dỏm nhưng v&ocirc; c&ugrave;ng s&acirc;u sắc.</p>\r\n'),
(10, 9, 'Bếp ấm nhà vui ', 'Lê Duy Niệm', 63000, 'phung49bep_am_nha.jpg', '2020-12-22 15:28:22', 100, '<p>Trong thời hiện đại, người nội trợ rất kh&oacute; c&oacute; thời gian v&agrave; nguy&ecirc;n liệu để chế biến đ&uacute;ng m&oacute;n ăn cổ truyền như thời xưa.</p>\r\n\r\n<p>&nbsp;</p>\r\n\r\n<p>T&aacute;c giả cuốn s&aacute;ch sẽ giới thiệu cho ch&uacute;ng ta b&iacute; quyết l&agrave;m gần 60 m&oacute;n ch&egrave; b&aacute;nh d&acirc;n d&atilde; gắn liền với văn h&oacute;a ẩm thực Việt dễ l&agrave;m, vừa cổ truyền lại mang hơi thở thời đại.</p>\r\n\r\n<p>D&ugrave; bạn l&agrave; một người nội trợ c&oacute; kinh nghiệm hay một c&ocirc; g&aacute;i trẻ, bạn cũng c&oacute; thể th&agrave;nh c&ocirc;ng ngay từ lần đầu chế biến.</p>\r\n'),
(11, 9, 'Món ngon xứ huế', 'Nguyễn Thị Phiên , Đỗ Thị Phương Nhi', 130000, 'phung161mon_ngon_xu_hue.jpg', '2020-12-22 15:31:12', 50, '<p><strong>M&oacute;n Ngon Xứ Huế - HUE DELICACIES (Song Ngữ)</strong><br />\r\nHuế - mảnh đất cố đ&ocirc; kh&ocirc;ng chỉ nổi tiếng với những lăng tẩm nguy nga, thi&ecirc;n nhi&ecirc;n non nước hữu t&igrave;nh m&agrave; đ&acirc;y c&ograve;n l&agrave; &ldquo;kinh đ&ocirc; ẩm thực&rdquo;. Ẩm thực Huế vừa c&oacute; sang trọng, cao lương mỹ vị, vừa c&oacute; m&oacute;n mộc mạc nhưng tinh tế, v&agrave; lu&ocirc;n được đ&aacute;nh gi&aacute; rất cao. Đặc biệt, người Huế lại kh&aacute; s&agrave;nh điệu trong ăn uống, kh&ocirc;ng chỉ trong kh&acirc;u chọn nguy&ecirc;n vật liệu m&agrave; c&ograve;n cầu kỳ từ việc n&ecirc;m nấu chế biến cho đến c&aacute;ch b&agrave;y biện trang tr&iacute;, cứ như mỗi m&oacute;n ăn được n&acirc;ng l&ecirc;n h&agrave;ng một t&aacute;c phẩm nghệ thuật.<br />\r\nV&agrave; qua b&agrave;n tay kh&eacute;o l&eacute;o của t&aacute;c giả, 40 m&oacute;n ăn t&acirc;m đắc trong qu&aacute; tr&igrave;nh l&agrave;m nghề v&agrave; giảng dạy của c&ocirc; Phi&ecirc;n kh&ocirc;ng chỉ được chăm ch&uacute;t về h&igrave;nh thức m&agrave; đ&atilde; được thổi v&agrave;o c&aacute;i hồn của Huế.<br />\r\nĐ&acirc;y l&agrave; cẩm nang cần thiết đ&uacute;c kết kinh nghiệm v&agrave; những m&oacute;n ăn gần gũi, dễ l&agrave;m từ kho t&agrave;ng ẩm thực phong ph&uacute; v&agrave; đặc sắc của Huế. Quyển s&aacute;ch sẽ c&oacute; những đ&oacute;ng g&oacute;p trong việc giới thiệu rộng r&atilde;i n&eacute;t văn h&oacute;a ẩm thực đặc trưng đến những người y&ecirc;u ẩm thực.</p>\r\n\r\n<p>Gi&aacute; sản phẩm tr&ecirc;n Tiki đ&atilde; bao gồm thuế theo luật hiện h&agrave;nh. Tuy nhi&ecirc;n tuỳ v&agrave;o từng loại sản phẩm hoặc phương thức, địa chỉ giao h&agrave;ng m&agrave; c&oacute; thể ph&aacute;t sinh th&ecirc;m chi ph&iacute; kh&aacute;c như ph&iacute; vận chuyển, phụ ph&iacute; h&agrave;ng cồng kềnh, ...</p>\r\n'),
(12, 9, 'Món xưa vị nay', 'Võ Hoàng Nhân', 90000, 'phung20mon_xua_vi_nay.jpg', '2020-12-22 15:33:05', 45, '<p>L&agrave; con &uacute;t trong một gia đ&igrave;nh c&oacute; ba l&agrave; người gốc Huế, mẹ l&agrave; người miền Nam, V&otilde; Ho&agrave;ng Nh&acirc;n được dưỡng dục với những n&eacute;t đặc trưng v&ugrave;ng miền kh&aacute;c nhau. Nhờ học được cả lối sống chịu thương, chịu kh&oacute; của người miền Trung quen nắng gi&oacute; v&agrave; t&iacute;nh c&aacute;ch h&ograve;a đồng, ch&acirc;n phương của người miền Nam dung dị, V&otilde; Ho&agrave;ng Nh&acirc;n đ&atilde; vượt qua rất nhiều kh&oacute; khăn để c&oacute; thể trở th&agrave;nh một đầu bếp đa năng: ngo&agrave;i những l&uacute;c v&agrave;o bếp th&igrave; đ&ocirc;i khi anh c&ograve;n l&agrave;m giảng vi&ecirc;n đại học, l&uacute;c l&agrave; doanh nh&acirc;n, rồi th&ecirc;m c&aacute;i nghề cũng hay hay m&agrave; mọi người vẫn gọi vui l&agrave; &quot;l&agrave;m người nổi tiếng&quot;: diễn vi&ecirc;n - đầu bếp. Nếu mở tivi l&ecirc;n để xem những chương tr&igrave;nh như Cuộc chiến mỹ vị, sitcom Mỹ nh&acirc;n v&agrave;o bếp, M&igrave;nh ăn<br />\r\ntrưa nh&eacute; hay Thi&ecirc;n đường ẩm thực, bạn đọc sẽ thấy ngo&agrave;i nấu nướng giỏi, V&otilde; Ho&agrave;ng Nh&acirc;n diễn xuất cũng chẳng k&eacute;m ai. Nhưng cho d&ugrave; c&oacute; đa năng đến thế n&agrave;o, V&otilde; Ho&agrave;ng Nh&acirc;n vẫn lu&ocirc;n giữ trong m&igrave;nh một t&igrave;nh y&ecirc;u lớn với ẩm thực. Anh đ&atilde; d&ugrave;ng t&igrave;nh y&ecirc;u đ&oacute; để đặt b&uacute;t viết M&Oacute;N XƯA VỊ NAY. Quyển s&aacute;ch đầu tay được V&otilde; Ho&agrave;ng Nh&acirc;n g&oacute;i gh&eacute;m lại trong một dung lượng vừa đủ 100 trang, với hai phần ch&iacute;nh: Kỷ niệm trong m&oacute;n xưa v&agrave; Thăng hoa trong vị nay. Như bất kỳ quyển s&aacute;ch ẩm thực n&agrave;o kh&aacute;c, phần lớn dung lượng vẫn được d&agrave;nh để tr&igrave;nh b&agrave;y những c&ocirc;ng thức c&aacute;c m&oacute;n ăn. C&aacute;i kh&aacute;c ở đ&acirc;y ở M&Oacute;N XƯA VỊ NAY c&ograve;n c&oacute; những trang viết rất t&igrave;nh cảm, mộc mạc, mộc mạc như ch&iacute;nh con người t&aacute;c giả, nhờ vậy m&agrave; độc giả c&oacute; thể cảm thấy như m&igrave;nh đang ngồi nghe t&aacute;c giả kể chuyện. Chuyện m&igrave;nh, chuyện nghề, chuyện đời.<br />\r\nKỷ niệm trong m&oacute;n xưa l&agrave; những m&oacute;n ăn b&igrave;nh dị m&agrave; V&otilde; Ho&agrave;ng Nh&acirc;n đ&atilde; từng được thưởng thức khi c&ograve;n l&agrave; một cậu b&eacute;. Sự b&igrave;nh dị ấy ăn s&acirc;u v&agrave;o m&aacute;u thịt, v&agrave; n&oacute; h&igrave;nh th&agrave;nh một phần t&iacute;nh c&aacute;ch ẩm thực V&otilde; Ho&agrave;ng Nh&acirc;n của sau n&agrave;y. Đ&oacute; l&agrave; m&oacute;n c&aacute; tr&ecirc; v&agrave;ng m&agrave; người mẹ đ&aacute;nh k&iacute;nh thường chế biến bằng c&aacute;ch chi&ecirc;n gi&ograve;n với mỡ, cuốn rau cải con v&agrave; d&ugrave;ng k&egrave;m nước mắm gừng. Hay hương vị của lọai nước mắm b&igrave;nh kh&ocirc;ng mấy t&ecirc;n kh&ocirc;ng tuổi, V&otilde; Ho&agrave;ng Nh&acirc;n đ&atilde; d&ugrave;ng những chất liệu đ&oacute; để l&agrave;m nguy&ecirc;n liệu cảm x&uacute;c cho rất nhiều m&oacute;n ăn được tr&igrave;nh b&agrave;y trong phần n&agrave;y. Cũng ch&iacute;nh tại đ&acirc;y, V&otilde; Ho&agrave;ng Nh&acirc;n bộc bạch những kinh nghiệm trong nghề bếp để c&aacute;c bạn trẻ c&oacute; đam m&ecirc; dễ h&igrave;nh dung hơn về nghề n&agrave;y.<br />\r\nBước sang phần hai: Thăng hoa trong vị nay, độc giả lại được biết đến một V&otilde; Ho&agrave;ng Nh&acirc;n th&iacute;ch l&agrave;m mới m&oacute;n ăn xưa theo c&aacute;ch của m&igrave;nh. Từ đ&oacute; thổi hồn đương đại v&agrave;o sức sống vốn dĩ đ&atilde; bền l&acirc;u của ẩm thực Việt xưa. Từ những m&oacute;n ăn về mẹ, m&oacute;n ăn miền qu&ecirc; đến m&oacute;n chay, V&otilde; Ho&agrave;ng Nh&acirc;n đều kh&ocirc;ng ngừng t&igrave;m t&ograve;i để thăng hoa từng hương vị. Bạn đọc cũng sẽ t&igrave;m thấy một v&agrave;i m&oacute;n ăn m&agrave; chắc chỉ c&oacute; trong quyển s&aacute;ch n&agrave;y mới được tr&igrave;nh b&agrave;y trọn vẹn đến vậy. Vịt lọng hon x&ocirc;i l&agrave; một v&iacute; dụ.<br />\r\nSuốt chiều d&agrave;i cuốn s&aacute;ch, th&ocirc;ng điệp m&agrave; t&aacute;c giả muốn gửi gắm đ&oacute; l&agrave;: &quot;KH&Ocirc;NG C&Oacute; &Aacute;P LỰC SẼ KH&Ocirc;NG C&Oacute; KIM CƯƠNG&quot;. Nghề l&agrave;m bếp, l&agrave; nghề m&agrave; t&aacute;c giả đ&atilde; v&agrave; đang chọn để đi cho bằng hết trong cuộc đời mu&ocirc;n m&agrave;u, d&ugrave; lắm l&uacute;c gian tru&acirc;n nhưng anh vẫn tin l&agrave; c&aacute;i gi&aacute; m&igrave;nh trả l&agrave; xứng đ&aacute;ng để học b&agrave;i học v&ocirc; gi&aacute; về sự ki&ecirc;n tr&igrave; nhẫn nại. V&agrave; n&oacute;i như t&aacute;c giả: &quot;T&ocirc;i ước mong sao những bạn trẻ quyết định gắn b&oacute; với nghề bếp sẽ dạo chơi qua quyển s&aacute;ch n&agrave;y với một nụ cười để thấy rằng nghề n&agrave;o cũng đ&aacute;ng qu&yacute;, đ&aacute;ng tr&acirc;n trọng, miễn l&agrave; lu&ocirc;n phấn đấu nỗ lực vươn l&ecirc;n.&quot; H&atilde;y mở s&aacute;ch ra v&agrave; c&ugrave;ng nghe V&otilde; Ho&agrave;ng Nh&acirc;n kể những c&acirc;u chuyện bằng ẩm thực!</p>\r\n\r\n<p>Gi&aacute; sản phẩm tr&ecirc;n Tiki đ&atilde; bao gồm thuế theo luật hiện h&agrave;nh. Tuy nhi&ecirc;n tuỳ v&agrave;o từng loại sản phẩm hoặc phương thức, địa chỉ giao h&agrave;ng m&agrave; c&oacute; thể ph&aacute;t sinh th&ecirc;m chi ph&iacute; kh&aacute;c như ph&iacute; vận chuyển, phụ ph&iacute; h&agrave;ng cồng kềnh, ...</p>\r\n'),
(13, 9, 'Đãi tiệc tại nhà ', 'Yanny Đặng', 40000, 'phung98dai_tiec_tai_nha.jpg', '2020-12-22 15:36:04', 11, '<p>M&oacute;n ăn đ&atilde;i tiệc thực sự kh&ocirc;ng kh&oacute; chế biến như mọi người vẫn nghĩ. Chỉ cần chăm ch&uacute;t hơn một t&iacute;, tỉ mẩn hơn một t&iacute;, l&agrave; bạn c&oacute; thể tự chế biến một bữa tiệc cho người th&acirc;n v&agrave; bạn b&egrave; ngay tại nh&agrave; m&igrave;nh. Hơn nữa, việc chế biến m&oacute;n ăn tại nh&agrave; tạo cơ hội để mọi người c&ugrave;ng nhau v&agrave;o bếp, vừa nấu nướng vừa tr&ograve; chuyện sẽ gắn kết t&igrave;nh cảm hơn. Chỉ cần c&oacute; ch&uacute;t biến tấu v&agrave; s&aacute;ng tạo trong việc kết hợp nguy&ecirc;n liệu v&agrave; gia vị l&agrave; bạn đ&atilde; c&oacute; ngay c&aacute;c m&oacute;n ăn mới lạ, hấp dẫn v&agrave; tr&agrave;n đầy hương vị.<br />\r\n<br />\r\nKết hợp 30 c&ocirc;ng thức nấu ăn giới thiệu trong tập s&aacute;ch n&agrave;y l&agrave; bạn đ&atilde; c&oacute; những thực đơn đ&atilde;i tiệc v&ocirc; c&ugrave;ng đặc sắc. Với c&aacute;c m&oacute;n khai vị, m&oacute;n ăn chơi, m&oacute;n ăn nhẹ v&agrave; m&oacute;n ch&iacute;nh, bạn c&oacute; thể tự tay chuẩn bị những bữa tiệc ho&agrave;n hảo cho c&aacute;c dịp đặc biệt của gia đ&igrave;nh. Đừng ngần ngại thể hiện bản lĩnh của m&igrave;nh, h&atilde;y xem v&agrave; bắt tay v&agrave;o thực hiện c&aacute;c bữa tiệc ngay bạn nh&eacute;!2</p>\r\n\r\n<p>Gi&aacute; sản phẩm tr&ecirc;n Tiki đ&atilde; bao gồm thuế theo luật hiện h&agrave;nh. Tuy nhi&ecirc;n tuỳ v&agrave;o từng loại sản phẩm hoặc phương thức, địa chỉ giao h&agrave;ng m&agrave; c&oacute; thể ph&aacute;t sinh th&ecirc;m chi ph&iacute; kh&aacute;c như ph&iacute; vận chuyển, phụ ph&iacute; h&agrave;ng cồng kềnh, ...</p>\r\n'),
(14, 13, 'Nắng ấm vườn chay', 'Nguyễn Hiền', 180000, 'Duc30nang_am_vuon_chay.jpg', '2020-12-23 14:53:27', 50, '<p>Ch&agrave;o mừng bạn đến với khu vườn mang t&ecirc;n&nbsp;<strong><em>NẮNG ẤM VƯỜN CHAY!</em></strong><br />\r\nĂn chay từ l&acirc;u đ&atilde; kh&ocirc;ng c&ograve;n l&agrave; một kh&aacute;i niệm xa lạ.&nbsp;<br />\r\nTrong những năm gần đ&acirc;y, tại Việt Nam, số lượng người ăn chay ng&agrave;y c&agrave;ng nhiều. Việc ăn chay c&oacute; thể xuất ph&aacute;t từ nhiều l&yacute; do kh&aacute;c nhau, v&agrave; từ đ&oacute; h&igrave;nh th&agrave;nh c&aacute;c trường ph&aacute;i ăn chay kh&aacute;c nhau, v&iacute; dụ như: nhiều người theo đạo Phật sẽ bị ảnh hưởng bởi c&aacute;ch ăn chay ở ch&ugrave;a, những người theo trường ph&aacute;i thực dưỡng sẽ ăn chay theo tư tưởng thực dưỡng, người th&iacute;ch phong c&aacute;ch T&acirc;y &Acirc;u th&igrave; sẽ ăn theo phong c&aacute;ch của phương T&acirc;y... Mỗi trường ph&aacute;i đều c&oacute; những n&eacute;t độc đ&aacute;o v&agrave; gi&aacute; trị ri&ecirc;ng.<br />\r\nNhưng c&oacute; một &ldquo;trường ph&aacute;i&rdquo; ăn chay nữa, vốn chẳng lẫn lộn với bất kỳ trường ph&aacute;i ăn chay n&agrave;o tr&ecirc;n đ&acirc;y, v&agrave; &ldquo;trường ph&aacute;i&rdquo; ăn chay n&agrave;y đang dần trở th&agrave;nh xu hướng mới, đ&oacute; l&agrave; ăn chay như &ndash; một &ndash; trải &ndash; nghiệm.<br />\r\nĐ&uacute;ng thế, nhiều người đ&atilde; t&igrave;m đến việc ăn chay như t&igrave;m đến một trải nghiệm mới mẻ, nghĩa l&agrave; kh&ocirc;ng c&oacute; l&yacute; do t&ocirc;n gi&aacute;o, t&acirc;m linh hay văn h&oacute;a ở đ&oacute;. Ăn chay dược nh&igrave;n với con mắt cởi mở hơn, v&agrave; được xem như một điều đ&aacute;ng để thử. Tất nhi&ecirc;n, sau khi thử th&igrave; dựa v&agrave;o những cảm nhận của bản th&acirc;n, mọi người ho&agrave;n to&agrave;n c&oacute; quyền quyết định m&igrave;nh c&oacute; tiếp tục gắn b&oacute; với n&oacute; hay kh&ocirc;ng.<br />\r\nQuan điểm ăn chay n&agrave;y cũng l&agrave; quan điểm của chị&nbsp;<strong>Nguyễn Hiền</strong>&nbsp;&ndash; t&aacute;c giả cuốn s&aacute;ch &ldquo;<strong><em>Nắng ấm vườn chay</em></strong>&rdquo;.<br />\r\nXuất ph&aacute;t từ &yacute; định thử một điều g&igrave; đ&oacute; ho&agrave;n to&agrave;n mới mẻ để xem c&oacute; thể thực hiện đến đ&acirc;u, Nguyễn Hiền đ&atilde; đặt những bước ch&acirc;n đầu ti&ecirc;n l&ecirc;n con đường ăn chay. Chị đ&atilde; tự t&igrave;m hiểu v&agrave; trải nghiệm qua nhiều c&aacute;ch ăn, rồi tự m&agrave;y m&ograve;, đ&uacute;c r&uacute;t ra được một số b&iacute; quyết rất thiết thực, trong đ&oacute; c&oacute; những b&iacute; quyết m&agrave; bất cứ ai cũng c&oacute; thể tiếp cận v&agrave; cảm thấy dễ d&agrave;ng hơn khi lựa chọn một phương ph&aacute;p ăn uống mới.<br />\r\nC&aacute;ch ăn chay của chị dựa tr&ecirc;n một số phương ch&acirc;m ch&iacute;nh:&nbsp;<br />\r\n1. Ăn chay khoa học v&agrave; đảm bảo đủ chất;<br />\r\n2. Sử dụng đa dạng c&aacute;c nguy&ecirc;n liệu trong ăn chay, m&ugrave;a n&agrave;o thức nấy;<br />\r\n3. Tr&aacute;nh tranh c&atilde;i giữa c&aacute;c trường ph&aacute;i ăn chay, đồng thời tr&aacute;nh c&aacute;c quan niệm sai lầm khi ăn chay;<br />\r\n4. Mở rộng kh&aacute;i niệm ăn chay th&agrave;nh kh&aacute;i niệm ăn xanh, ăn sạch để tất cả mọi người đều c&oacute; thể ứng dụng được;<br />\r\n5. Vận dụng, thay thế c&aacute;c nguy&ecirc;n liệu một c&aacute;ch linh hoạt, s&aacute;ng tạo.<br />\r\nNhững phương ch&acirc;m n&agrave;y được thể hiện rất r&otilde; trong cuốn s&aacute;ch &ldquo;Nắng ấm vườn chay&rdquo; của chị. Với cuốn s&aacute;ch n&agrave;y, chị gọi kh&ocirc;ng gian ăn uống l&agrave; một khu vườn &ndash; nơi chị chuẩn bị nguy&ecirc;n liệu, nấu, b&agrave;y biện, chụp những bức ảnh ghi lại khoảnh khắc ho&agrave;n hảo nhất của m&oacute;n ăn, v&agrave; thưởng thức.<br />\r\nBước v&agrave;o &ldquo;<strong><em>Nắng ấm vườn chay</em></strong>&rdquo;, bạn sẽ được kh&aacute;m ph&aacute; những m&oacute;n ăn chay tươi ngon v&agrave; nhiều m&agrave;u sắc. C&oacute; lẽ chỉ cần lật giở những trang s&aacute;ch v&agrave; ngắm nh&igrave;n th&ocirc;i l&agrave; bạn đ&atilde; cảm thấy nhẹ nh&agrave;ng, thoải m&aacute;i hơn rồi.<br />\r\nCuốn s&aacute;ch ph&ugrave; hợp cho tất cả mọi người: những người ăn chay trường, ăn chay một v&agrave;i ng&agrave;y trong th&aacute;ng, những người thậm ch&iacute; chưa từng ăn chay v&agrave; muốn t&igrave;m hiểu về c&aacute;ch ăn n&agrave;y, hoặc đơn giản l&agrave; những người đang muốn thử một trải nghiệm ăn uống th&uacute; vị.<br />\r\nC&aacute;nh cửa của VƯỜN CHAY ch&agrave;o đ&oacute;n mọi người!</p>\r\n'),
(15, 13, 'Ăn Là Nguồn Yêu Sống', 'Jenna Hollenstein', 115000, 'Duc114an_la_nguon_yeu_song.jpg', '2020-12-23 14:54:50', 100, '<p><strong><em>Ăn L&agrave; Nguồn Y&ecirc;u Sống</em></strong><br />\r\n<br />\r\n<strong><em>Ăn l&agrave; nguồn y&ecirc;u sống&nbsp;</em></strong>d&agrave;nh cho vấ cứ ai đang phải vật lộn với th&oacute;i quen ăn uống theo cảm x&uacute;c, mắc chứng rối loạn ăn uống v&agrave; thiếu tự tin về h&igrave;nh thể. L&agrave; gi&aacute;o vi&ecirc;n dạy thiền v&agrave; chuy&ecirc;n gia h&agrave;ng đầu về Dinh dưỡng trực quan,&nbsp;<strong>Jenna Hollenstein</strong>&nbsp;đ&atilde; chuyển những gi&aacute;o l&yacute; Phật gi&aacute;o cũng như khoa học về h&agrave;nh thiền v&agrave; trưởng dưỡng l&ograve;ng trắc ẩn th&agrave;nh một chỉ dẫn dễ-hiểu-v&agrave;-dễ-theo để th&uacute;c đẩy h&agrave;nh tr&igrave;nh Ăn l&agrave; nguồn y&ecirc;u sống của ch&uacute;ng ta.</p>\r\n'),
(16, 13, 'ĐỪNG CHẾT BỞI CANXI', 'Thomas E. Levy', 130000, 'Duc76dung_chet_boi_canxi.png', '2020-12-23 14:56:41', 13, '<p>Nay ch&uacute;ng ta đều biết rằng kiến thức địa chất được c&ocirc;ng nhận trong thời đại của Christopher Columbus đ&atilde; được x&acirc;y dựng tr&ecirc;n nền tảng kh&ocirc;ng vững chắc. V&agrave;o thế kỷ 15, &ldquo;ch&acirc;n l&yacute;&rdquo; tr&aacute;i đất phẳng dường như l&agrave; điều hiển nhi&ecirc;n v&agrave; kh&ocirc;ng bị nghi ngờ. Kể từ đ&oacute;, quan điểm về địa cầu của ch&uacute;ng ta đ&atilde; biến đổi nhiều.Ng&agrave;y nay, thật kh&oacute; c&oacute; thể tưởng tượng được bằng c&aacute;ch n&agrave;o người ta lại c&oacute; thể dựng l&ecirc;n một quan niệm đơn giản, hai chiều như vậy về h&agrave;nh tinh của ch&uacute;ng ta.<br />\r\nTuy nhi&ecirc;n trước khi đi đến chỗ qu&aacute; tự m&atilde;n, ch&uacute;ng ta cần phải nhận ra rằng con người vẫn hay chế ra c&aacute;c m&ocirc; h&igrave;nh khiếm khuyết của thực tại. C&aacute;c l&yacute; thuyết được h&igrave;nh th&agrave;nh với rất &iacute;t bằng chứng hỗ trợ nhưng lại được t&acirc;ng bốc như ch&acirc;n l&yacute; l&agrave; chuyện qu&aacute; thường gặp, trong khi h&agrave;ng đống bằng chứng ủng hộ điều ngược lại bị bỏ qua v&agrave; thậm ch&iacute; bị sửa đổi. Th&ocirc;ng thường, những thực tại nhuốm m&agrave;u cổ t&iacute;ch được chấp nhận l&agrave; đ&uacute;ng v&igrave; ta muốn hoặc cần ch&uacute;ng được coi l&agrave; đ&uacute;ng. Việc qu&aacute; phổ biến l&agrave; nhiều nh&agrave; khoa học, v&agrave; cả những người kh&ocirc;ng chuy&ecirc;n, mạo hiểm danh tiếng chuy&ecirc;n m&ocirc;n v&agrave; c&aacute; nh&acirc;n của họ để trung th&agrave;nh với những kết luận đ&atilde; được định trước &ndash; ngay cả sau khi &ldquo;ch&acirc;n l&yacute;&rdquo; kh&ocirc;ng thể b&aacute;c bỏ của họ được chứng minh l&agrave; sai.<br />\r\nCanxi cũng rơi v&agrave;o một trường hợp như thế.<br />\r\nCh&uacute;ng ta được dạy một c&aacute;ch v&otilde; đo&aacute;n, như một kiến thức y học hiển nhi&ecirc;n, rằng c&aacute;ch ph&ograve;ng ngừa v&agrave; điều trị tốt nhất cho chứng lo&atilde;ng xương l&agrave; tăng lượng canxi nạp v&agrave;o. Đ&uacute;ng l&agrave; xương c&oacute; h&agrave;m lượng canxi lớn. Cũng đ&uacute;ng l&agrave; khi bị lo&atilde;ng xương th&igrave; xương mất đi một lượng canxi đ&aacute;ng kể. Chỉ dựa tr&ecirc;n hai sự việc ri&ecirc;ng rẽ n&agrave;y, người ta kết luận rằng tăng ti&ecirc;u thụ canxi sẽ ngăn ngừa v&agrave; c&oacute; thể đảo ngược t&igrave;nh trạng n&agrave;y.<br />\r\nThật kh&ocirc;ng may, điều đ&oacute; ho&agrave;n to&agrave;n sai.<br />\r\nCanxi rất cần thiết cho hoạt động của cơ thể. Đ&oacute; kh&ocirc;ng phải l&agrave; điều cần b&agrave;n c&atilde;i. C&aacute;c nghi&ecirc;n cứu v&agrave; kết luận được tr&igrave;nh b&agrave;y trong cuốn Đừng chết bởi canxi kh&ocirc;ng nhằm k&iacute;ch động một cuộc th&aacute;nh chiến chống lại chất dinh dưỡng thiết yếu n&agrave;y.Mục đ&iacute;ch của cuốn s&aacute;ch l&agrave; phơi b&agrave;y mối nguy hiểm thực sự v&agrave; nghi&ecirc;m trọng từ việc nạp qu&aacute; nhiều canxi v&agrave;o cơ thể. Cũng giống như sắt v&agrave; đồng, canxi l&agrave; tuyệt đối cần thiết cho sức khỏe.Tuy nhi&ecirc;n, nạp qu&aacute; mức ba th&agrave;nh phần dinh dưỡng n&agrave;y th&igrave; lại rất độc hại. Thiếu hụt c&aacute;c chất dinh dưỡng tr&ecirc;n chắc chắn l&agrave; điều kh&ocirc;ng ai mong muốn, thế nhưng chỉ rất &iacute;t người Mỹ gặp phải t&igrave;nh trạng n&agrave;y. Một nỗi sợ h&atilde;i phi l&yacute; về t&igrave;nh trạng thiếu hụt vốn hiếm gặp v&agrave; dễ điều trị như vậy kh&ocirc;ng thể l&agrave; c&aacute;i cớ để thường xuy&ecirc;n nạp v&agrave;o cơ thể lượng chất dư thừa cực kỳ độc hại.<br />\r\nHầu hết ch&uacute;ng ta đang gặp một loạt c&aacute;c vấn đề sức khỏe v&igrave; lựa chọn thực phẩm v&agrave; lối sống kh&ocirc;ng tốt. Chịu ảnh hưởng của những thứ được c&ocirc;ng nhận rộng r&atilde;i l&agrave; chế độ ăn l&agrave;nh mạnh,thực đơn điển h&igrave;nh của người Mỹ chứa đầy những thực phẩm b&atilde;o h&ograve;a canxi. Tồi tệ hơn, d&acirc;n Mỹ c&ograve;n thường được khuy&ecirc;n rằng, mọi người, nhất l&agrave; phụ nữ sau m&atilde;n kinh, n&ecirc;n tăng cường lượng canxi nạp v&agrave;o hằng ng&agrave;y bằng c&aacute;ch bổ sung canxi. Ch&iacute;nh điều n&agrave;y l&agrave;m tăng đ&aacute;ng kể tỷ lệ đau tim, suy thận, đột quỵ v&agrave; c&aacute;c hậu quả kh&ocirc;ng mong muốn kh&aacute;c. T&igrave;nh trạng thực sự thiếu hụt canxi trong to&agrave;n bộ cơ thể hầu như kh&ocirc;ng tồn tại, nhưng t&igrave;nh trạng dư thừa qu&aacute; nhiều canxi lại rất phổ biến v&agrave; cực kỳ độc hại, n&oacute; chắc chắn dẫn đến bệnh tật v&agrave; tử vong sớm. Ngo&agrave;i ra, việc triệt bỏ lượng canxi dư thừa tồn đọng l&acirc;u d&agrave;i trong cơ thể l&agrave; một qu&aacute; tr&igrave;nh kh&oacute; khăn v&agrave; phức tạp.<br />\r\nThực ra, lượng canxi cần thiết cho tế b&agrave;o hoạt động khỏe mạnh l&agrave; v&ocirc; c&ugrave;ng nhỏ so với lượng canxi được t&igrave;m thấy trong xương. Hầu hết người trưởng th&agrave;nh kh&ocirc;ng c&oacute; nhu cầu nạp nhiều canxi v&agrave; c&agrave;ng c&oacute; tuổi th&igrave; lượng canxi cần thiết giảm c&agrave;ng nhanh v&igrave; họ đ&atilde; t&iacute;ch lũy được lượng canxi đ&aacute;ng kể.<br />\r\nGiống như sắt v&agrave; đồng, chỉ cần c&oacute; nồng độ nh&iacute;ch nhẹ qua mức cần thiết l&agrave; canxi nhanh ch&oacute;ng trở n&ecirc;n độc hại. Hầu như kh&ocirc;ng c&oacute; ngoại lệ, những người bị lo&atilde;ng xương đều c&oacute; lượng canxi dư thừa độc hại b&ecirc;n ngo&agrave;i m&ocirc; xương. Chỉ ri&ecirc;ng thực tế n&agrave;y đ&atilde; n&ecirc;u bật sai lầm của việc bổ sung canxi trong điều trị lo&atilde;ng xương. Ch&iacute;nh lượng canxi dư thừa nạp qua đường ti&ecirc;u h&oacute;a n&agrave;y c&ugrave;ng với canxi được giải ph&oacute;ng thường xuy&ecirc;n từ xương lo&atilde;ng g&acirc;y ra mối đe dọa nguy hiểm nhất đối với sức khỏe v&agrave; t&iacute;nh mạng khi n&oacute; đi v&agrave;o v&agrave; di chuyển quanh tất cả c&aacute;c tế b&agrave;o trong cơ thể, th&uacute;c đẩy bệnh tật ở bất cứ nơi n&agrave;o n&oacute; t&iacute;ch tụ.Những bệnh đ&aacute;ng ch&uacute; &yacute; bao gồm bệnh tim mạch, huyết &aacute;p cao,đột quỵ v&agrave; ung thư. Tuy nhi&ecirc;n, sự thật l&agrave; n&oacute; g&acirc;y ra v&agrave; đẩy nhanh tất cả c&aacute;c bệnh tho&aacute;i h&oacute;a mạn t&iacute;nh.<br />\r\nMột khi canxi bắt đầu lắng đọng trong c&aacute;c cấu tr&uacute;c kh&ocirc;ng phải l&agrave; xương, c&aacute;c phản ứng b&ugrave; của cơ thể sẽ c&agrave;ng r&uacute;t th&ecirc;m nhiều canxi từ xương v&igrave; canxi lắng đọng được đưa ra khỏi v&ograve;ng tuần ho&agrave;n m&aacute;u. Điều n&agrave;y lại c&agrave;ng th&uacute;c đẩy việc k&ecirc; đơn bổ sung canxi, do đ&oacute; c&agrave;ng l&agrave;m tăng lượng chất lắng đọng g&acirc;y hại cho sức khỏe trong khắp cơ thể.<br />\r\nKhi đ&atilde; xuất hiện trạng th&aacute;i thừa canxi tr&ecirc;n khắp cơ thể, bất kỳ lượng canxi th&ecirc;m v&agrave;o n&agrave;o cũng l&agrave; qu&aacute; nhiều v&igrave; n&oacute; th&uacute;c đẩy chức năng bất thường ở cấp độ tế b&agrave;o, tuyến v&agrave; cơ thể. Đ&oacute; l&agrave; l&yacute; do phải ngừng bổ sung canxi, cắt giảm chế độ ăn thừa canxi, v&agrave; tr&aacute;nh tất cả c&aacute;c loại thực phẩm gi&agrave;u canxi, tăng cường vitamin D.<br />\r\nTrong c&aacute;c trang tiếp theo, bạn sẽ gặp bằng chứng thực sự đ&aacute;ng kinh ngạc cho thấy t&iacute;nh độc hại của t&igrave;nh trạng thừa canxi vốn tồn tại ở hầu hết người lớn tuổi hiện nay. Bạn sẽ biết tại sao canxi bổ sung kh&ocirc;ng gi&uacute;p trị chứng lo&atilde;ng xương, m&agrave; thực ra c&ograve;n l&agrave;m trầm trọng th&ecirc;m tất cả c&aacute;c bệnh tho&aacute;i h&oacute;a mạn t&iacute;nh đ&atilde; biết. Bạn cũng sẽ học được c&aacute;c phương ph&aacute;p m&agrave; bạn v&agrave; b&aacute;c sĩ của bạn c&oacute; thể sử dụng để đạt được v&agrave; duy tr&igrave; mức dinh dưỡng tối ưu nhằm đối ph&oacute; với chứng lo&atilde;ng xương cũng như nhiều loại bệnh kh&aacute;c. Nếu được điều trị đ&uacute;ng c&aacute;ch, chứng lo&atilde;ng xương v&agrave; hầu hết c&aacute;c bệnh hiện được coi l&agrave; hầu như kh&ocirc;ng thể đảo ngược đều c&oacute; thể được cải thiện đ&aacute;ng kể.<br />\r\nHi vọng rằng khi những ch&acirc;n l&yacute; trong Đừng chết bởi canxi được &aacute;p dụng, bạn v&agrave; v&ocirc; số người kh&aacute;c sẽ kh&ocirc;ng phải chịu những hậu quả đau l&ograve;ng từ độc t&iacute;nh vốn dễ tr&aacute;nh của canxi thừa. Cầu cho ch&acirc;n l&yacute; gi&uacute;p ch&uacute;ng ta sống l&acirc;u hơn v&agrave; khỏe mạnh hơn.</p>\r\n\r\n<p>&nbsp;</p>\r\n');

-- --------------------------------------------------------

--
-- Cấu trúc bảng cho bảng `tin_tuc`
--

CREATE TABLE `tin_tuc` (
  `id` int(11) NOT NULL,
  `ten_tin_tuc` varchar(200) NOT NULL,
  `tac_gia` varchar(50) NOT NULL,
  `nguon` text NOT NULL,
  `noi_dung` text NOT NULL,
  `nguoi_dang` varchar(50) NOT NULL,
  `ngay_dang` timestamp NOT NULL DEFAULT current_timestamp() ON UPDATE current_timestamp()
) ENGINE=InnoDB DEFAULT CHARSET=utf8mb4;

--
-- Đang đổ dữ liệu cho bảng `tin_tuc`
--

INSERT INTO `tin_tuc` (`id`, `ten_tin_tuc`, `tac_gia`, `nguon`, `noi_dung`, `nguoi_dang`, `ngay_dang`) VALUES
(3, 'Gợi ý 6 món ăn cực ngon, nhìn rất sang, phù hợp với các bữa tiệc gia đình ', 'Phan Hằng', 'http://danviet.vn/goi-y-6-mon-an-cuc-ngon-nhin-rat-sang-phu-hop-voi-cac-bua-tiec-gia-dinh-50202021121603437.html', '<p><strong>Thịt b&ograve; hầm c&agrave; chua</strong></p>\r\n\r\n<p>Nguy&ecirc;n liệu: 800 gam thịt b&ograve;, 3 quả c&agrave; chua, 1 củ h&agrave;nh t&acirc;y nhỏ, 3 th&igrave;a nước tương, 2 th&igrave;a x&igrave; dầu, 2 th&igrave;a rượu&nbsp;<a href=\"https://www.24h.com.vn/am-thuc-c460.html\">nấu ăn</a>, 20 gam đường ph&egrave;n, 1 th&igrave;a c&agrave; ph&ecirc; muối.</p>\r\n\r\n<p>&nbsp;</p>\r\n\r\n<p><img alt=\"Gợi ý 6 món ăn cực ngon, nhìn rất sang, phù hợp với các bữa tiệc gia đình - 1\" src=\"https://cdn.24h.com.vn/upload/4-2020/images/2020-12-21/Goi-y-6-mon-an-cuc-ngon-nhin-rat-sang-phu-hop-voi-cac-bua-tiec-gia-dinh-1-1608535577-792-width800height534.jpg\" style=\"width:660px\" /></p>\r\n\r\n<p>&nbsp;</p>\r\n\r\n<p>- Thịt b&ograve; cắt miếng lớn khoảng 3cm, ng&acirc;m nước nửa tiếng, cho &iacute;t rượu nấu ăn v&agrave; gừng th&aacute;i chỉ v&agrave;o nồi, luộc 2 ph&uacute;t, vớt ra rửa sạch lại.</p>\r\n\r\n<p>- D&ugrave;ng dao rạch một đường ch&eacute;o tr&ecirc;n bề mặt quả c&agrave; chua, chần qua nước s&ocirc;i cho dễ b&oacute;c vỏ rồi cắt th&agrave;nh từng miếng nhỏ.</p>\r\n\r\n<p>- Cho một lượng dầu th&iacute;ch hợp v&agrave;o nồi, cho c&agrave; chua, khuấy đều đến khi n&oacute; th&agrave;nh hỗn hợp sền sệt.</p>\r\n\r\n<p>- L&agrave;m n&oacute;ng chảo với một &iacute;t dầu, th&ecirc;m thịt b&ograve; v&agrave; h&agrave;nh t&acirc;y cắt nhỏ v&agrave;o.</p>\r\n\r\n<p>- Đảo một l&uacute;c, cho nước n&oacute;ng v&agrave;o, th&ecirc;m gia vị, đun tr&ecirc;n lửa lớn.</p>\r\n\r\n<p>- Cuối c&ugrave;ng, cho c&agrave; chua v&agrave;o, đun trong lửa nhỏ 90 ph&uacute;t đến khi thịt ch&iacute;n nhừ v&agrave; nước d&ugrave;ng đặc sệt lại l&agrave; được.</p>\r\n\r\n<p><strong>Thịt g&agrave; rưới nước sốt</strong></p>\r\n\r\n<p>Nguy&ecirc;n liệu: 5 c&aacute;i đ&ugrave;i g&agrave;, nửa b&aacute;t con đậu phộng rang, 2 th&igrave;a ớt bột, m&egrave; trắng, lượng h&agrave;nh tỏi th&iacute;ch hợp, 3 th&igrave;a x&igrave; dầu, 1 th&igrave;a giấm, 1 th&igrave;a c&agrave; ph&ecirc; muối, 1 th&igrave;a c&agrave; ph&ecirc; đường, 1 th&igrave;a rượu nấu ăn.</p>\r\n\r\n<p><img alt=\"Gợi ý 6 món ăn cực ngon, nhìn rất sang, phù hợp với các bữa tiệc gia đình - 3\" src=\"https://cdn.24h.com.vn/upload/4-2020/images/2020-12-21/Goi-y-6-mon-an-cuc-ngon-nhin-rat-sang-phu-hop-voi-cac-bua-tiec-gia-dinh-2-1608535588-925-width800height533.jpg\" style=\"width:660px\" /></p>\r\n\r\n<p>- Chuẩn bị nước sốt, cho tỏi băm, ớt bột v&agrave; m&egrave; trắng v&agrave;o b&aacute;t, rưới dầu n&oacute;ng l&ecirc;n, th&ecirc;m x&igrave; dầu, giấm, đường v&agrave;o trộn đều.</p>\r\n\r\n<p>- Đ&ugrave;i g&agrave; rửa sạch, cho một &iacute;t gừng v&agrave;o rượu nấu ăn v&agrave;o nồi, đun s&ocirc;i, vớt bỏ bọt, nấu trong 18 ph&uacute;t.</p>\r\n\r\n<p>- Ng&acirc;m ch&acirc;n g&agrave; đ&atilde; ch&iacute;n trong nước đ&aacute; 10 ph&uacute;t để da v&agrave; thịt mềm hơn.</p>\r\n\r\n<p>- Thịt g&agrave; để r&aacute;o nước, chặt th&agrave;nh từng miếng nhỏ.</p>\r\n\r\n<p>- B&agrave;y biện ra đĩa, rưới nước sốt, rắc đậu phộng v&agrave; h&agrave;nh l&aacute; l&ecirc;n tr&ecirc;n.</p>\r\n\r\n<p><strong>Thịt g&agrave; nấu bia</strong></p>\r\n\r\n<p>Nguy&ecirc;n liệu: nửa con g&agrave;, 400ml bia, 1 th&igrave;a rượu nấu ăn, lượng gừng tỏi th&iacute;ch hợp, 1 th&igrave;a nước tương đen, 3 th&igrave;a x&igrave; dầu, 1 th&igrave;a muối.</p>\r\n\r\n<p><img alt=\"Gợi ý 6 món ăn cực ngon, nhìn rất sang, phù hợp với các bữa tiệc gia đình - 4\" src=\"https://cdn.24h.com.vn/upload/4-2020/images/2020-12-21/Goi-y-6-mon-an-cuc-ngon-nhin-rat-sang-phu-hop-voi-cac-bua-tiec-gia-dinh-3-1608535598-160-width800height533.jpg\" style=\"width:660px\" /></p>\r\n\r\n<p>- Thịt g&agrave; chặt nhỏ, cho v&agrave;o nồi với một &iacute;t gừng v&agrave; rượu nấu ăn, chần sơ qua rồi rửa lại bằng nước lạnh.</p>\r\n\r\n<p>- Cho v&agrave;o nồi một lượng dầu th&iacute;ch hợp, cho gừng th&aacute;i nhỏ v&agrave; tỏi băm v&agrave;o phi thơm.</p>\r\n\r\n<p>- Cho g&agrave; v&agrave;o x&agrave;o v&agrave;i lần, r&aacute;n hơi v&agrave;ng.</p>\r\n\r\n<p>- Đổ bia v&agrave; nước tương v&agrave;o, vặn lửa lớn.</p>\r\n\r\n<p>- Sau khi s&ocirc;i, chuyển sang lửa vừa v&agrave; nhỏ v&agrave; đun trong khoảng 30 ph&uacute;t, n&ecirc;m nếm lại gia vị, cuối c&ugrave;ng chắt lấy nước cốt, rắc h&agrave;nh l&aacute; th&aacute;i nhỏ v&agrave;o, b&agrave;y ra đĩa.</p>\r\n\r\n<p><strong>Thịt heo kho đậu n&agrave;nh</strong></p>\r\n\r\n<p>Nguy&ecirc;n liệu: 1 c&aacute;i ch&acirc;n gi&ograve; heo, 1 b&aacute;t đậu n&agrave;nh, h&agrave;nh l&aacute;, gừng, đường ph&egrave;n, nước tương, x&igrave; dầu, rượu nấu ăn.</p>\r\n\r\n<p><img alt=\"Gợi ý 6 món ăn cực ngon, nhìn rất sang, phù hợp với các bữa tiệc gia đình - 5\" src=\"https://cdn.24h.com.vn/upload/4-2020/images/2020-12-21/Goi-y-6-mon-an-cuc-ngon-nhin-rat-sang-phu-hop-voi-cac-bua-tiec-gia-dinh-4-1608535613-915-width800height533.jpg\" style=\"width:660px\" /></p>\r\n\r\n<p>- Ng&acirc;m đậu n&agrave;nh trước, thường trong khoảng 2 giờ, rồi vớt ra để r&aacute;o.</p>\r\n\r\n<p>- Ch&acirc;n gi&ograve; heo chặt th&agrave;nh từng kh&uacute;c, chần sơ qua rồi vớt ra để r&aacute;o.</p>\r\n\r\n<p>- Đun n&oacute;ng dầu trong nồi, cho đường ph&egrave;n đ&atilde; nghiền nhỏ v&agrave;o, vặn lửa vừa, đợi đến khi đường ph&egrave;n chuyển sang m&agrave;u v&agrave;ng v&agrave; bắt đầu sủi bọt, c&oacute; m&agrave;u caramel th&igrave; cho ch&acirc;n gi&ograve; v&agrave;o đảo đều.</p>\r\n\r\n<p>- Sau đ&oacute; cho nước tương, rượu nấu ăn v&agrave;o, th&ecirc;m một lượng nước th&iacute;ch hợp vừa phải.</p>\r\n\r\n<p>- Cho đậu n&agrave;nh đ&atilde; ng&acirc;m v&agrave;o v&agrave; đun nhỏ lửa trong 40 ph&uacute;t.</p>\r\n\r\n<p>- Hầm ch&acirc;n gi&ograve; đến khi mềm, n&ecirc;m ch&uacute;t muối, chắt lấy nước cốt nếu qu&aacute; nhiều.</p>\r\n\r\n<p><strong>Ngh&ecirc;u hấp miến</strong></p>\r\n\r\n<p>Nguy&ecirc;n liệu: 800 gam ngh&ecirc;u, miến, tỏi, gừng, h&agrave;nh t&iacute;m, x&igrave; dầu, dầu h&agrave;o.</p>\r\n\r\n<p><img alt=\"Gợi ý 6 món ăn cực ngon, nhìn rất sang, phù hợp với các bữa tiệc gia đình - 6\" src=\"https://cdn.24h.com.vn/upload/4-2020/images/2020-12-21/Goi-y-6-mon-an-cuc-ngon-nhin-rat-sang-phu-hop-voi-cac-bua-tiec-gia-dinh-5-1608535624-63-width800height533.jpg\" style=\"width:660px\" /></p>\r\n\r\n<p>- Cho ngh&ecirc;u v&agrave;o nồi luộc với một &iacute;t muối.</p>\r\n\r\n<p>- Miến ng&acirc;m nước cho mềm, trải ra đĩa l&ograve;ng s&acirc;u, xếp ngh&ecirc;u l&ecirc;n tr&ecirc;n.</p>\r\n\r\n<p>- Đun n&oacute;ng dầu trong nồi, phi thơm tỏi, sau đ&oacute; cho x&igrave; dầu, muối v&agrave; dầu h&agrave;o v&agrave;o, trộn đều.</p>\r\n\r\n<p>- Đổ nước sốt l&ecirc;n ngh&ecirc;u, sau khi nước s&ocirc;i th&igrave; cho v&agrave;o nồi hấp khoảng 15 ph&uacute;t.</p>\r\n\r\n<p><strong>Đậu phụ nhồi thịt</strong></p>\r\n\r\n<p>Nguy&ecirc;n liệu: 9 miếng đậu phụ, 100 gam thịt heo, 5 miếng nấm hương, 1 th&igrave;a dầu h&agrave;o, 1 th&igrave; nước tương, 1/2 muỗng c&agrave; ph&ecirc; đường, 1 muỗng c&agrave; ph&ecirc; muối, 2 muỗng c&agrave; ph&ecirc; bột bắp, h&agrave;nh l&aacute;.</p>\r\n\r\n<p><img alt=\"Gợi ý 6 món ăn cực ngon, nhìn rất sang, phù hợp với các bữa tiệc gia đình - 7\" src=\"https://cdn.24h.com.vn/upload/4-2020/images/2020-12-21/Goi-y-6-mon-an-cuc-ngon-nhin-rat-sang-phu-hop-voi-cac-bua-tiec-gia-dinh-6-1608535634-826-width800height533.jpg\" style=\"width:660px\" /></p>\r\n\r\n<p>- Xay nhuyễn thịt heo, th&ecirc;m một ch&uacute;t nước tương v&agrave; bột bắp, trộn đều.</p>\r\n\r\n<p>- Nấm hương ng&acirc;m nước cho mềm, băm nhỏ, cho v&agrave;o thịt heo.</p>\r\n\r\n<p>- Đậu phụ kho&eacute;t giữa, nhồi thịt v&agrave;o.</p>\r\n\r\n<p>- Cho một &iacute;t dầu v&agrave;o chảo đun n&oacute;ng, cho dậu phụ v&agrave;o r&aacute;n v&agrave;ng 2 mặt.</p>\r\n\r\n<p>- Khi đậu phụ ch&iacute;n v&agrave;ng, đổ hỗn hợp nước gia vị gồm bột bắp, dầu h&agrave;o, muối, đường, nước v&agrave;o, đun s&ocirc;i tr&ecirc;n lửa lớn, sau đ&oacute; vặn nhỏ trong 10 ph&uacute;t l&agrave; xong.</p>\r\n', 'phung', '2020-12-22 08:10:27'),
(12, 'Chăm nấu thực đơn 4 món này, chồng con dễ \"nghiện\" cơm nhà', 'Phan Hằng', 'https://baogiaothong.vn/cham-nau-thuc-don-4-mon-nay-chong-con-de-34nghien34-com-nha-d487131.html', '<p><strong>S&uacute;p lơ x&agrave;o</strong></p>\r\n\r\n<p><img alt=\"Chăm nấu thực đơn 4 món này, chồng con dễ &amp;#34;nghiện&amp;#34; cơm nhà - 1\" src=\"https://cdn.24h.com.vn/upload/4-2020/images/2020-11-24/Sieng-nau-thuc-don-4-mon-kieu-nay-chong-sieng-ve-an-com-nha-con-lai-rat-thich-an-1-1606184774-736-width800height533.jpg\" style=\"width:660px\" /></p>\r\n\r\n<p>Cắt s&uacute;p lơ th&agrave;nh những miếng nhỏ, rửa bằng nước sạch, để r&aacute;o. Đun s&ocirc;i nước, cho s&uacute;p lơ v&agrave;o, chần trong 2 ph&uacute;t rồi vớt ra. L&agrave;m n&oacute;ng chảo dầu, cho hạt ti&ecirc;u v&agrave;o x&agrave;o trong v&agrave;i gi&acirc;y, khi c&oacute; m&ugrave;i thơm th&igrave; vớt ra, cho h&agrave;nh l&aacute;, s&uacute;p lơ, muối, nước tương, vặn lửa lớn, x&agrave;o trong 2 ph&uacute;t rồi tắt bếp.</p>\r\n\r\n<p><strong>C&aacute; diếc om</strong></p>\r\n\r\n<p><img alt=\"Chăm nấu thực đơn 4 món này, chồng con dễ &amp;#34;nghiện&amp;#34; cơm nhà - 2\" src=\"https://cdn.24h.com.vn/upload/4-2020/images/2020-11-24/Sieng-nau-thuc-don-4-mon-kieu-nay-chong-sieng-ve-an-com-nha-con-lai-rat-thich-an-2-1606184783-300-width800height533.jpg\" style=\"width:660px\" /></p>\r\n\r\n<p>L&agrave;m sạch c&aacute;, cắt th&agrave;nh từng miếng nhỏ, ướp với h&agrave;nh l&aacute;, gừng, ti&ecirc;u, rau m&ugrave;i. Đun n&oacute;ng một &iacute;t dầu trong chảo, cho c&aacute; v&agrave;o chi&ecirc;n v&agrave;ng 2 mặt, sau đ&oacute; đổ nước v&agrave;o, th&ecirc;m c&aacute;c loại gia vị, đậy nắp vung, đun nhỏ lửa đến khi nước sệt lại một ch&uacute;t th&igrave; tắt bếp, rắc h&agrave;nh l&aacute;.</p>\r\n\r\n<p><strong>Cua rang cay</strong></p>\r\n\r\n<p><img alt=\"Chăm nấu thực đơn 4 món này, chồng con dễ &amp;#34;nghiện&amp;#34; cơm nhà - 3\" src=\"https://cdn.24h.com.vn/upload/4-2020/images/2020-11-24/Sieng-nau-thuc-don-4-mon-kieu-nay-chong-sieng-ve-an-com-nha-con-lai-rat-thich-an-3-1606184793-906-width800height533.jpg\" style=\"width:660px\" /></p>\r\n\r\n<p>Cua rửa sạch, để r&aacute;o nước. Đun n&oacute;ng dầu trong chảo, cho ớt, gừng, ti&ecirc;u, tỏi v&agrave;o phi thơm. Sau đ&oacute; th&ecirc;m gia vị v&agrave; cua v&agrave;o, đảo đều, đậy nắp, đun ở lửa lớn trong 3 ph&uacute;t.</p>\r\n\r\n<p><strong>Canh c&aacute; diếc củ cải</strong></p>\r\n\r\n<p>&nbsp;</p>\r\n\r\n<p><img alt=\"Chăm nấu thực đơn 4 món này, chồng con dễ &amp;#34;nghiện&amp;#34; cơm nhà - 4\" src=\"https://cdn.24h.com.vn/upload/4-2020/images/2020-11-24/Sieng-nau-thuc-don-4-mon-kieu-nay-chong-sieng-ve-an-com-nha-con-lai-rat-thich-an-4-1606184802-651-width800height533.jpg\" style=\"width:660px\" /></p>\r\n\r\n<p>&nbsp;</p>\r\n\r\n<p>Chi&ecirc;n c&aacute; ch&iacute;n sau đ&oacute; th&ecirc;m 2 b&aacute;t nước, h&agrave;nh l&aacute;, rồi đun s&ocirc;i. Khi thấy nước c&oacute; m&agrave;u trắng sữa th&igrave; cho củ cải cắt sợi nhỏ v&agrave;o, đun s&ocirc;i trong 4 ph&uacute;t, n&ecirc;m nếm lại gia vị rồi tắt bếp.</p>\r\n', 'phung', '2020-12-23 16:01:43'),
(14, 'Thực đơn 3 món ít mà chất, người kén mấy cũng phải khen ngon', 'Phan Hằng', 'https://baogiaothong.vn/cham-nau-thuc-don-4-mon-nay-chong-con-de-34nghien34-com-nha-d487131.html', '<p><strong>Củ sen x&agrave;o</strong></p>\r\n\r\n<p><img alt=\"Thực đơn 3 món ít mà chất, người kén mấy cũng phải khen ngon - 1\" src=\"https://cdn.24h.com.vn/upload/4-2020/images/2020-11-12/Thuc-don-3-mon-it-ma-chat-co-ca-cua-long-ken-may-cung-phai-khen-ngon-2-1605164130-629-width640height427.jpeg\" /></p>\r\n\r\n<p>Củ sen cạo sạch vỏ, th&aacute;i l&aacute;t mỏng, rửa qua nước 2 lần để loại bỏ bớt tinh bột. L&agrave;m n&oacute;ng chảo dầu, cho ớt kh&ocirc;, h&agrave;nh l&aacute; v&agrave;o phi thơm, sau đ&oacute; th&ecirc;m củ sen, muối, giấm, đường, hạt n&ecirc;m..., đảo đều trong 3 ph&uacute;t, n&ecirc;m nếm lại gia vị cho vừa miệng.</p>\r\n\r\n<p><strong>Cua l&ocirc;ng x&agrave;o cay</strong></p>\r\n\r\n<p><img alt=\"Thực đơn 3 món ít mà chất, người kén mấy cũng phải khen ngon - 2\" src=\"https://cdn.24h.com.vn/upload/4-2020/images/2020-11-12/Thuc-don-3-mon-it-ma-chat-co-ca-cua-long-ken-may-cung-phai-khen-ngon-3-1605164139-590-width640height427.jpeg\" /></p>\r\n\r\n<p>Cua l&ocirc;ng rửa sạch, để r&aacute;o. Chuẩn bị gia vị như ti&ecirc;u, ớt kh&ocirc;, tỏi, nước tương. L&agrave;m n&oacute;ng dầu, phi thơm h&agrave;nh tỏi, sau đ&oacute; cho cua v&agrave;o, th&ecirc;m c&aacute;c loại gia vị, đảo đều tr&ecirc;n lửa lớn trong 3 ph&uacute;t. Tiếp tục th&ecirc;m nửa b&aacute;t con nước n&oacute;ng, cho h&agrave;nh l&aacute; v&agrave;o, đậy nắp vung, đun trong 3 ph&uacute;t nữa để cạn nước l&agrave; xong.</p>\r\n\r\n<p><strong>Canh b&uacute;n thập cẩm</strong></p>\r\n\r\n<p><img alt=\"Thực đơn 3 món ít mà chất, người kén mấy cũng phải khen ngon - 3\" src=\"https://cdn.24h.com.vn/upload/4-2020/images/2020-11-12/Thuc-don-3-mon-it-ma-chat-co-ca-cua-long-ken-may-cung-phai-khen-ngon-4-1605164149-471-width640height427.jpeg\" /></p>\r\n\r\n<p>Thịt b&ograve; th&aacute;i l&aacute;t mỏng, ớt kh&ocirc; cắt nhỏ, rau răm nhặt bỏ rễ rửa sạch. Ng&acirc;m b&uacute;n kh&ocirc; trong nước ấm đến khi mềm. L&agrave;m n&oacute;ng dầu trong chảo, th&ecirc;m gừng, ớt v&agrave;o x&agrave;o thơm, cho thịt b&ograve;, một &iacute;t nước tương v&agrave;o đảo đều, đổ nửa b&aacute;t nước n&oacute;ng, đậy vung trong 3 ph&uacute;t. Cuối c&ugrave;ng khi nước s&ocirc;i th&igrave; cho b&uacute;n, rau cải bẹ, gia vị, n&ecirc;m nếm lại rồi đun tiếp 3 ph&uacute;t nữa l&agrave; c&oacute; thể tắt bếp.</p>\r\n', 'phung', '2020-12-23 16:13:49'),
(15, 'Chị em cần thuộc \"nằm lòng\" bí quyết này để rau xào luôn xanh mướt, bóng đẹp', 'Phan Hằng', ' https://giadinh.net.vn/an/chi-em-can-thuoc-nam-long-bi-quyet-nay-de-rau-xao-luon-xanh-muot-bong-dep-khong-he-tham-den-20201122115339372.htm', '<p>Bạn đ&atilde; khi n&agrave;o ăn tiệm v&agrave; phải xu&yacute;t xoa v&igrave; sao người ta c&oacute; thể x&agrave;o những đĩa rau xanh mướt, b&oacute;ng bẩy như vậy chưa? Kh&ocirc;ng chỉ dừng lại ở cảm quan m&agrave; khi ăn rau vừa mềm mại, vừa b&oacute;ng v&agrave; ngọt. Nhưng khi tự tay chế biến ở nh&agrave; để c&oacute; được đĩa rau x&agrave;o ngon l&agrave;nh như vậy cũng kh&ocirc;ng phải l&agrave; điều đơn giản. Sau đ&acirc;y sẽ l&agrave; kinh nghiệm bạn cần lưu &yacute; để biết c&aacute;ch chế biến rau x&agrave;o cực ngon như nh&agrave; h&agrave;ng, đảm bảo đĩa rau sẽ l&agrave; m&oacute;n ăn hết đầu ti&ecirc;n trong bữa cơm.</p>\r\n\r\n<p><img alt=\"Chị em cần thuộc &amp;#34;nằm lòng&amp;#34; bí quyết này để rau xào luôn xanh mướt, bóng đẹp - 1\" src=\"https://cdn.24h.com.vn/upload/4-2020/images/2020-12-22/1608637662-photo-1-16060207139061415853964.jpg\" style=\"width:660px\" /></p>\r\n\r\n<p>Thường c&aacute;c loại rau x&agrave;o đều ngon nhưng phổ biến nhất vẫn l&agrave; rau muống v&agrave; c&aacute;c rau họ cải như rau cải ngọt, cải ngồng, cải ch&iacute;p... Muốn c&oacute; m&oacute;n rau x&agrave;o ngon, đầu ti&ecirc;n bạn phải lựa chọn được nguy&ecirc;n liệu tươi ngon. Rau tươi, l&aacute; xanh non kh&ocirc;ng bị v&agrave;ng hay dập n&aacute;t. Sau khi lặt l&aacute; v&agrave; rửa rau sạch sẽ, bạn th&aacute;i rau th&agrave;nh kh&uacute;c vừa ăn, những loại c&oacute; cuống to th&igrave; cần phải chẻ nhỏ.</p>\r\n\r\n<p><strong>1. B&iacute; quyết đầu ti&ecirc;n muốn x&agrave;o rau ngon l&agrave; rau phải ho&agrave;n to&agrave;n kh&ocirc; r&aacute;o</strong></p>\r\n\r\n<p>Nếu rau c&ograve;n ướt khi x&agrave;o sẽ bị ỉu v&agrave; mất đi độ gi&ograve;n của rau. Bạn c&oacute; thể cho rau v&agrave;o rổ quay để giảm thời gian chờ cho rau kh&ocirc; hoặc d&ugrave;ng khăn giấy thấm nước.</p>\r\n\r\n<p><img alt=\"Chị em cần thuộc &amp;#34;nằm lòng&amp;#34; bí quyết này để rau xào luôn xanh mướt, bóng đẹp - 2\" src=\"https://cdn.24h.com.vn/upload/4-2020/images/2020-12-22/1608637662-image002.jpg\" style=\"width:660px\" /></p>\r\n\r\n<p><strong>2. Chuẩn bị sẵn c&aacute;c nguy&ecirc;n liệu x&agrave;o</strong></p>\r\n\r\n<p>V&iacute; dụ tỏi đập nhỏ để ri&ecirc;ng v&agrave;o b&aacute;t. Phần nước xốt cũng phải chuẩn bị sẵn. Trong qu&aacute; tr&igrave;nh x&agrave;o rau thời gian chế biến sẽ nhanh v&agrave; tr&ecirc;n lửa lớn do đ&oacute; cần chuẩn bị kỹ lưỡng c&aacute;c nguy&ecirc;n liệu v&agrave; sẵn s&agrave;ng để nấu nướng.</p>\r\n\r\n<p><strong>3. Nguy&ecirc;n tắc x&agrave;o rau 3 ph&uacute;t ở lửa lớn</strong></p>\r\n\r\n<p>Đun n&oacute;ng chảo, bật bếp ở chế độ lửa to nhất. Để x&aacute;c định được chảo đủ n&oacute;ng hay chưa bạn h&atilde;y nhỏ 1 - 2 giọt nước v&agrave;o thấy nước bốc hơi trong v&ograve;ng 1 đến 2 gi&acirc;y sau khi tiếp x&uacute;c, chảo sẽ được l&agrave;m n&oacute;ng v&agrave; sẵn s&agrave;ng để x&agrave;o. Đừng l&agrave;m chảo qu&aacute; n&oacute;ng.</p>\r\n\r\n<p>K&eacute;o chảo ra khỏi mứt nhiệt lớn v&agrave; th&ecirc;m dầu: K&eacute;o chảo ra khỏi nhiệt v&agrave; th&ecirc;m 1 th&igrave;a dầu. Nhấc chảo l&ecirc;n v&agrave; đảo cẩn thận để tr&aacute;ng lớp đ&aacute;y v&agrave; th&agrave;nh mặt. (Nếu chảo bốc kh&oacute;i nghi ng&uacute;t ngay khi bạn đổ dầu v&agrave;o khi chảo đ&atilde; đun qu&aacute; n&oacute;ng. Lấy chảo ra khỏi bếp v&agrave; để nguội trong v&agrave;i ph&uacute;t).</p>\r\n\r\n<p>Th&ecirc;m tỏi v&agrave; ớt (nếu sử dụng) v&agrave; đảo ch&uacute;ng trong 10 gi&acirc;y hoặc cho đến khi c&oacute; m&ugrave;i thơm.</p>\r\n\r\n<p>Th&ecirc;m rau: Đẩy tỏi l&ecirc;n th&agrave;nh chảo v&agrave; th&ecirc;m rau.</p>\r\n\r\n<p>N&ecirc;m rau: Rắc muối v&agrave; ti&ecirc;u l&ecirc;n tr&ecirc;n.</p>\r\n\r\n<p><img alt=\"Chị em cần thuộc &amp;#34;nằm lòng&amp;#34; bí quyết này để rau xào luôn xanh mướt, bóng đẹp - 3\" src=\"https://cdn.24h.com.vn/upload/4-2020/images/2020-12-22/1608637662-image003.jpg\" style=\"width:660px\" /></p>\r\n\r\n<p>Đặt hẹn giờ trong 2 ph&uacute;t: Rất hữu &iacute;ch cho những người mới chế biến m&oacute;n x&agrave;o khi đặt hẹn giờ để gi&uacute;p họ biết sơ bộ về thời gian m&oacute;n ăn n&agrave;y sẽ nấu v&agrave; để t&igrave;m hiểu thời gian ch&iacute;n của rau. Tuy nhi&ecirc;n, ti&ecirc;u chuẩn m&oacute;n ăn do bạn quyết định về h&igrave;nh thức v&agrave; m&ugrave;i vị. Từ l&uacute;c n&agrave;y, rau sẽ nấu trong khoảng 2 đến 2 ph&uacute;t rưỡi.</p>\r\n\r\n<p>X&agrave;o rau trong 1 ph&uacute;t: X&agrave;o trong 1 ph&uacute;t hoặc cho đến khi rau bắt đầu h&eacute;o.</p>\r\n\r\n<p>Th&ecirc;m nước xốt: Đổ hỗn hợp nước xốt xuống xung quanh th&agrave;nh chảo thay v&igrave; đổ trực tiếp v&agrave;o giữa (để tr&aacute;nh l&agrave;m nguội chảo v&agrave; giảm nhiệt độ nấu). X&agrave;o v&agrave; đảo sơ để rau thấm xốt.</p>\r\n\r\n<p>Đậy nắp v&agrave; nấu trong 15 gi&acirc;y.</p>\r\n\r\n<p>Mở vung v&agrave; x&agrave;o: Mở vung v&agrave; x&agrave;o trong 30 đến 60 gi&acirc;y hoặc cho đến khi rau mềm l&agrave; được.</p>\r\n\r\n<p>Mỗi lần chỉ n&ecirc;n x&agrave;o một lượng rau vừa đủ với k&iacute;ch cỡ của chảo. Nếu bạn x&agrave;o qu&aacute; nhiều th&igrave; sẽ rất kh&oacute; đảo đều tay khiến rau kh&ocirc;ng ch&iacute;nh đều, thậm ch&iacute; bị sậm m&agrave;u, kh&ocirc;ng ngon mắt.</p>\r\n\r\n<p><img alt=\"Chị em cần thuộc &amp;#34;nằm lòng&amp;#34; bí quyết này để rau xào luôn xanh mướt, bóng đẹp - 4\" src=\"https://cdn.24h.com.vn/upload/4-2020/images/2020-12-22/1608637663-image004.jpg\" style=\"width:660px\" /></p>\r\n\r\n<p>Ch&uacute;c bạn th&agrave;nh c&ocirc;ng!</p>\r\n', 'phung', '2020-12-23 16:15:38'),
(16, 'Bí quyết làm dưa chuột ngâm xì dầu dai giòn sần sật, chua ngọt, đậm đà', 'Trang Ruby', 'https://amthucvietnam.com.vn/meo-nau-an/lam-dua-chuot-ngam-xi-dau.html', '<p>Dưa chuột ng&acirc;m x&igrave; dầu l&agrave; m&oacute;n ăn k&egrave;m ngon tuyệt được nhiều người ưa th&iacute;ch. Tuy c&aacute;ch l&agrave;m đơn giản nhưng kh&ocirc;ng c&oacute; b&iacute; quyết th&igrave; dưa ng&acirc;m dễ bị mềm v&agrave; mặn, để l&acirc;u &uacute;ng nước.</p>\r\n\r\n<p><strong>Nguy&ecirc;n liệu:</strong></p>\r\n\r\n<p>&ndash;&nbsp;<a href=\"https://amthucvietnam.com.vn/meo-nau-an/bi-quyet-lam-dua-chuot-ngam-xi-dau-dai-gion-san-sat-chua-ngot-dam-da.html\">Dưa chuột</a>: 1kg</p>\r\n\r\n<p>&nbsp;</p>\r\n\r\n<p>&ndash; X&igrave; dầu: 150 ml</p>\r\n\r\n<p>&ndash; Nước: 200 ml</p>\r\n\r\n<p>&ndash; Dấm ăn: 20 ml</p>\r\n\r\n<p>&ndash; Đường: 160g</p>\r\n\r\n<p>&ndash; Tỏi: 1 củ to</p>\r\n\r\n<p>&ndash; Ớt: tuỳ &yacute;</p>\r\n\r\n<p><img alt=\"Bí quyết làm dưa chuột ngâm xì dầu dai giòn sần sật, chua ngọt, đậm đà - 2\" src=\"https://amthucvietnam.com.vn/wp-content/uploads/2020/10/1601714283-f5ee0acf7987b42ee2eea4ef45b4190e.jpg\" style=\"height:584px; width:660px\" /></p>\r\n\r\n<p><strong>C&aacute;ch l&agrave;m:</strong></p>\r\n\r\n<h1>&ndash;&nbsp;<a href=\"https://amthucvietnam.com.vn/meo-nau-an/bi-quyet-lam-dua-chuot-ngam-xi-dau-dai-gion-san-sat-chua-ngot-dam-da.html\">Dưa chuột</a>&nbsp;rửa sạch, ng&acirc;m nước muối lo&atilde;ng khoảng 20 ph&uacute;t. Vớt ra rửa sạch lại để r&aacute;o nước.</h1>\r\n\r\n<h2>&ndash; Dưa chuột đem bổ l&agrave;m đ&ocirc;i, d&ugrave;ng th&igrave;a nhỏ nạo sạch ruột.</h2>\r\n\r\n<p><img alt=\"Bí quyết làm dưa chuột ngâm xì dầu dai giòn sần sật, chua ngọt, đậm đà - 3\" src=\"https://amthucvietnam.com.vn/wp-content/uploads/2020/10/1601714283-8c7b45ff53e752e6e32e79e5e1aa9501.jpg\" style=\"height:465px; width:660px\" /></p>\r\n\r\n<p>&ndash; Cắt ch&eacute;o dưa chuột tầm 0,5-1cm (nếu cắt mỏng qu&aacute; khi vắt dưa sẽ bị teo lại kh&ocirc;ng c&ograve;n độ gi&ograve;n nữa). Ng&acirc;m với 100g đường trong 40 ph&uacute;t sau đ&oacute; gạn sạch nước.</p>\r\n\r\n<p>&ndash; Pha lần lượt: x&igrave; dầu, nước, dấm ăn, đường cho v&agrave;o nồi đun s&ocirc;i để nguội.</p>\r\n\r\n<p>&ndash; Tỏi ớt một nửa băm nhỏ, một nửa đem cắt l&aacute;t mỏng (ớt c&oacute; thể để cả quả hoặc c&aacute;t l&aacute;t ra )</p>\r\n\r\n<p><img alt=\"Bí quyết làm dưa chuột ngâm xì dầu dai giòn sần sật, chua ngọt, đậm đà - 4\" src=\"https://amthucvietnam.com.vn/wp-content/uploads/2020/10/1601714284-26f789441c5b9488a35c8636f8c04458.jpg\" style=\"height:641px; width:660px\" /></p>\r\n\r\n<h3>&ndash;&nbsp;<a href=\"https://nguoinoitieng.net/\" target=\"_blank\">Trộn đều dưa</a>&nbsp;chuột c&ugrave;ng tỏi ớt c&ugrave;ng nước ng&acirc;m.</h3>\r\n\r\n<p>&ndash; Xếp v&agrave;o lọ đậy k&iacute;n bỏ ngăn m&aacute;t tủ lạnh sau 5 tiếng l&agrave; ăn được.</p>\r\n\r\n<p>Ch&uacute;c c&aacute;c bạn th&agrave;nh c&ocirc;ng.</p>\r\n', 'phung', '2020-12-24 01:48:05'),
(17, 'Lạ miệng với món thịt cuộn trứng om xì dầu kiểu Nhật đậm đà, ngọt bùi', 'Thu Vân', ' https://danviet.vn/la-mieng-voi-mon-thit-cuon-trung-om-xi-dau-kieu-nhat-dam-da-ngot-bui-20201221105204376.htm', '<h2>B&ecirc;n cạnh m&oacute;n thịt kho trứng hay trứng chi&ecirc;n thịt, bạn c&oacute; thể thử l&agrave;m m&oacute;n thịt cuộn trứng om x&igrave; dầu kiểu Nhật.</h2>\r\n\r\n<p>Sự kiện:&nbsp;<a href=\"https://www.24h.com.vn/mon-ngon-tu-trung-c460e5172.html\">M&oacute;n ngon từ trứng</a></p>\r\n\r\n<p>M&oacute;n thịt cuộn trứng om x&igrave; dầu kiểu Nhật c&oacute; th&agrave;nh phẩm l&agrave; vi&ecirc;n thịt thấm sốt &oacute;ng &aacute;nh, cắt đ&ocirc;i l&agrave; l&ograve;ng trứng mềm mượt.&nbsp;</p>\r\n\r\n<p>Khi đưa l&ecirc;n miệng cắn một miếng, đầu lưỡi sẽ cảm nhận được l&agrave; nước sốt đậm đ&agrave;, ngọt dịu m&agrave; vị kh&ocirc;ng bị ngang. Sau đ&oacute; răng chạm đến lớp thịt mọng nước, tiếp theo l&agrave; l&ograve;ng trắng trứng mềm kh&ocirc;ng cần nhai, sau c&ugrave;ng l&agrave; l&ograve;ng đỏ trứng b&ugrave;i b&ugrave;i...&nbsp;</p>\r\n\r\n<p>&nbsp;</p>\r\n\r\n<p>&nbsp;</p>\r\n\r\n<p><img alt=\"Lạ miệng với món thịt cuộn trứng om xì dầu kiểu Nhật đậm đà, ngọt bùi - 1\" src=\"https://cdn.24h.com.vn/upload/4-2020/images/2020-12-23//1608692135-00d9adbfd3208a3c08fd49cf1e8d204a.jpg\" style=\"width:660px\" /></p>\r\n\r\n<p>&nbsp;</p>\r\n\r\n<p><strong>Nguy&ecirc;n liệu l&agrave;m m&oacute;n thịt cuộn trứng om x&igrave; dầu kiểu Nhật&nbsp;&nbsp;(D&agrave;nh cho&nbsp;2 người ăn)</strong></p>\r\n\r\n<p>- Trứng g&agrave;: 4 quả</p>\r\n\r\n<p>- Thịt ba chỉ th&aacute;i l&aacute;t mỏng: 8 -12 l&aacute;t</p>\r\n\r\n<p>- Shoyu (nước tương Nhật): 4 th&igrave;a canh</p>\r\n\r\n<p>- Mirin (gia vị nấu ăn của Nhật): 4 th&igrave;a canh</p>\r\n\r\n<p>- Rượu nấu ăn: 4 th&igrave;a canh</p>\r\n\r\n<p>- Đường: 2 th&igrave;a canh</p>\r\n\r\n<p>- Bột khoai t&acirc;y (hoặc bột năng)</p>\r\n\r\n<p>- Dầu ăn&nbsp;</p>\r\n\r\n<p><img alt=\"Lạ miệng với món thịt cuộn trứng om xì dầu kiểu Nhật đậm đà, ngọt bùi - 3\" src=\"https://cdn.24h.com.vn/upload/4-2020/images/2020-12-23/1608692135-4351652f5e450001a85bae9f46cf25af.jpg\" style=\"width:660px\" /></p>\r\n\r\n<p>M&oacute;n thịt cuộn trứng om x&igrave; dầu cần chọn thịt ba chỉ, th&aacute;i mỏng&nbsp;&nbsp;</p>\r\n\r\n<p><strong>C&aacute;ch l&agrave;m m&oacute;n thịt cuộn trứng om x&igrave; dẩu kiểu Nhật:&nbsp;</strong></p>\r\n\r\n<p><img alt=\"Lạ miệng với món thịt cuộn trứng om xì dầu kiểu Nhật đậm đà, ngọt bùi - 4\" src=\"https://cdn.24h.com.vn/upload/4-2020/images/2020-12-23/1608692135-f63ab7975e8e4536dda18754af2e499b.jpg\" style=\"width:660px\" /></p>\r\n\r\n<p>Bước 1. Trứng g&agrave; luộc ch&iacute;n sao cho mức độ đ&ocirc;ng đặc của l&ograve;ng đỏ như mong muốn. Vớt ra ng&acirc;m nước đ&aacute; lạnh, b&oacute;c vỏ. Nếu luộc trứng l&ograve;ng đ&agrave;o th&igrave; cần ch&uacute; &yacute; l&uacute;c b&oacute;c vỏ, do trứng h&atilde;y c&ograve;n rất mềm dễ bị vỡ.</p>\r\n\r\n<p><img alt=\"Lạ miệng với món thịt cuộn trứng om xì dầu kiểu Nhật đậm đà, ngọt bùi - 5\" src=\"https://cdn.24h.com.vn/upload/4-2020/images/2020-12-23/1608692136-ebb38225f37cc408b48ded5b08faf3f7.jpg\" style=\"width:660px\" /></p>\r\n\r\n<p>Bước 2. Pha c&aacute;c gia vị Shoyu, Mirin, rượu v&agrave; đường theo tỉ lệ 2 : 2 : 2 : 1 để sẵn.</p>\r\n\r\n<p><img alt=\"Lạ miệng với món thịt cuộn trứng om xì dầu kiểu Nhật đậm đà, ngọt bùi - 6\" src=\"https://cdn.24h.com.vn/upload/4-2020/images/2020-12-23/1608692136-16b0b772e2dbadc19226259bbac5682f.jpg\" style=\"width:660px\" /></p>\r\n\r\n<p>Bước 3. Trải thịt l&ecirc;n thớt, cho trứng v&agrave;o cuộn tr&ograve;n lại.</p>\r\n\r\n<p>Bước 4. Lăn c&aacute;c vi&ecirc;n thịt qua bột khoai t&acirc;y.&nbsp;V&igrave; muốn m&oacute;n ăn mềm mọng nước n&ecirc;n d&ugrave;ng bột khoai t&acirc;y (hoặc bột bắp, bột năng) do bột n&agrave;y c&oacute; t&iacute;nh chất giữ nước tốt.</p>\r\n\r\n<p><img alt=\"Lạ miệng với món thịt cuộn trứng om xì dầu kiểu Nhật đậm đà, ngọt bùi - 7\" src=\"https://cdn.24h.com.vn/upload/4-2020/images/2020-12-23/1608692136-fc0aa331bf0019deb3d4fe91cbe1cacc.jpg\" style=\"width:660px\" /></p>\r\n\r\n<p>Bước 5. Khi thịt hơi v&agrave;ng, d&ugrave;ng giấy l&agrave;m bếp thấm hết dầu trong chảo. Cho b&aacute;t gia vị đ&atilde; pha v&agrave;o chảo thịt. Đậy vung đun nhỏ lửa th&ecirc;m chừng 3 ph&uacute;t. Thi thoảng lăn thịt cho thấm sốt.</p>\r\n\r\n<p><img alt=\"Lạ miệng với món thịt cuộn trứng om xì dầu kiểu Nhật đậm đà, ngọt bùi - 8\" src=\"https://cdn.24h.com.vn/upload/4-2020/images/2020-12-23/1608692136-2ec947b6e29f28214ce01117712f3f01.jpg\" style=\"width:660px\" /></p>\r\n\r\n<p>Bước 6. Nước sốt gần cạn th&igrave; tắt bếp. Gắp thịt ra đĩa, rắc ch&uacute;t vừng rang hoặc h&agrave;nh l&aacute;. Khi ăn cắt đ&ocirc;i vi&ecirc;n thịt cho dễ ăn.</p>\r\n\r\n<p><img alt=\"Lạ miệng với món thịt cuộn trứng om xì dầu kiểu Nhật đậm đà, ngọt bùi - 9\" src=\"https://cdn.24h.com.vn/upload/4-2020/images/2020-12-23/1608692136-b249238be4a4507f91802dc55ef9b53e.jpg\" style=\"width:660px\" /></p>\r\n\r\n<p>Th&agrave;nh phẩm m&oacute;n thịt cuộn trứng om x&igrave; dầu kiểu Nhật</p>\r\n\r\n<p>Ch&uacute;c c&aacute;c bạn th&agrave;nh c&ocirc;ng với m&oacute;n thịt cuộn trứng om x&igrave; dầu kiểu Nhật thơm ngon.</p>\r\n', 'phung', '2020-12-24 01:50:05'),
(18, 'Khoa học đã chứng minh trứng nấu theo cách này dinh dưỡng tăng gấp bội', 'Hà Hoa', 'http://danviet.vn/khoa-hoc-da-chung-minh-trung-nau-theo-cach-nay-dinh-duong-tang-gap-boi-5020207121004742.htm', '<h2>C&agrave; chua với h&agrave;m lượng vitamin C cao c&ugrave;ng protein c&oacute; trong trứng g&agrave;, sự kết hợp tuyệt vời n&agrave;y sẽ cực kỳ c&oacute; lợi với đ&ocirc;i mắt của bạn. Dưới đ&acirc;y l&agrave; c&aacute;ch l&agrave;m m&oacute;n trứng chưng c&agrave; chua v&ocirc; c&ugrave;ng ngon miệng v&agrave; bổ dưỡng m&agrave; bạn đừng n&ecirc;n bỏ qua:</h2>\r\n\r\n<p>Sự kiện:&nbsp;<a href=\"https://www.24h.com.vn/mon-ngon-tu-trung-c460e5172.html\">M&oacute;n ngon từ trứng</a></p>\r\n\r\n<p><img alt=\"Khoa học đã chứng minh trứng nấu theo cách này dinh dưỡng tăng gấp bội - 1\" src=\"https://cdn.24h.com.vn/upload/4-2020/images/2020-12-07/Khoa-hoc-da-chung-minh-trung-nau-theo-cach-nay-dinh-duong-tang-gap-boi----1607309943-782-width650height975.jpg\" /></p>\r\n\r\n<p><strong>Nguy&ecirc;n liệu:</strong></p>\r\n\r\n<p>- 2 quả trứng</p>\r\n\r\n<p>- 2 quả c&agrave; chua</p>\r\n\r\n<p>- Một ch&uacute;t muối v&agrave; hạt ti&ecirc;u</p>\r\n\r\n<p>- 1 th&igrave;a canh dầu ăn</p>\r\n\r\n<p>- 1/8 th&igrave;a c&agrave; ph&ecirc; đường</p>\r\n\r\n<p>- &frac12; th&igrave;a c&agrave; ph&ecirc; muối</p>\r\n\r\n<p>- 1 c&acirc;y h&agrave;nh l&aacute;</p>\r\n\r\n<p><strong>C&aacute;ch l&agrave;m:</strong></p>\r\n\r\n<p><img alt=\"Khoa học đã chứng minh trứng nấu theo cách này dinh dưỡng tăng gấp bội - 2\" src=\"https://cdn.24h.com.vn/upload/4-2020/images/2020-12-07/picture-2-1607309714-386-width477height318.jpg\" style=\"width:477px\" /></p>\r\n\r\n<p>Đập trứng v&agrave;o một c&aacute;i b&aacute;t, cho một ch&uacute;t muối v&agrave; hạt ti&ecirc;u v&agrave;o đ&aacute;nh đều cho đến khi xuất hiện bọt v&agrave; m&agrave;u hơi trắng.</p>\r\n\r\n<p>C&agrave; chua rửa sạch, cắt bỏ cuống v&agrave; cắt đ&ocirc;i, bỏ l&otilde;i v&agrave; th&aacute;i th&agrave;nh từng miếng.</p>\r\n\r\n<p>Bắc một chảo dầu l&ecirc;n bếp đun n&oacute;ng, đổ hỗn hợp trứng v&agrave;o khuấy đều đến khi trứng ch&iacute;n rồi m&uacute;c trứng ra, để lại dầu trong chảo.</p>\r\n\r\n<p><img alt=\"Khoa học đã chứng minh trứng nấu theo cách này dinh dưỡng tăng gấp bội - 3\" src=\"https://cdn.24h.com.vn/upload/4-2020/images/2020-12-07/picture-3-1607309714-324-width477height318.jpg\" style=\"width:477px\" /></p>\r\n\r\n<p>Cho c&agrave; chua v&agrave;o x&agrave;o đến khi mềm v&agrave; thơm m&ugrave;i ngọt th&igrave; cho trứng v&agrave;o, th&ecirc;m muối, đường v&agrave; h&agrave;nh l&aacute; rồi đảo đều tay cho trứng v&agrave; c&agrave; chua quyện v&agrave;o nhau.</p>\r\n\r\n<p>Tr&uacute;t ra đĩa v&agrave; thưởng thức ngay khi c&ograve;n n&oacute;ng hổi.</p>\r\n\r\n<p><img alt=\"Khoa học đã chứng minh trứng nấu theo cách này dinh dưỡng tăng gấp bội - 4\" src=\"https://cdn.24h.com.vn/upload/4-2020/images/2020-12-07/picture-2-1607309714-85-width650height975.jpg\" style=\"width:650px\" /></p>\r\n\r\n<p>Ch&uacute;c c&aacute;c bạn th&agrave;nh c&ocirc;ng!</p>\r\n', 'phung', '2020-12-24 01:51:51');

-- --------------------------------------------------------

--
-- Cấu trúc bảng cho bảng `tra_loi_binh_luan`
--

CREATE TABLE `tra_loi_binh_luan` (
  `id` int(11) NOT NULL,
  `idBinh_luan` int(11) NOT NULL,
  `idUser` int(11) NOT NULL,
  `noiDung` text NOT NULL,
  `ngay` timestamp NOT NULL DEFAULT current_timestamp() ON UPDATE current_timestamp()
) ENGINE=InnoDB DEFAULT CHARSET=utf8mb4;

--
-- Đang đổ dữ liệu cho bảng `tra_loi_binh_luan`
--

INSERT INTO `tra_loi_binh_luan` (`id`, `idBinh_luan`, `idUser`, `noiDung`, `ngay`) VALUES
(1, 7, 9, '0', '2020-12-02 09:43:23'),
(2, 7, 9, '0', '2020-12-02 09:44:21'),
(3, 7, 9, 'ừ thì', '2020-12-02 09:44:54'),
(4, 8, 9, 'ừm', '2020-12-02 09:47:42'),
(5, 8, 9, 'hihi', '2020-12-02 09:50:06'),
(6, 8, 9, 'ok nha ', '2020-12-02 09:50:58'),
(7, 7, 9, 'Thôi món này quá dở', '2020-12-02 09:55:44'),
(8, 12, 8, 'ừm đúng rồi bạn', '2020-12-02 13:06:06'),
(9, 8, 8, 'ừm để xem thửu', '2020-12-02 13:11:02'),
(10, 14, 9, 'Cùng ý kiến', '2020-12-09 13:27:56'),
(11, 9, 9, 'ừ', '2020-12-10 08:08:05'),
(12, 15, 11, 'jlfdks', '2020-12-14 03:08:07'),
(13, 15, 11, 'dk', '2020-12-14 03:08:15'),
(14, 15, 11, 'dfsf', '2020-12-14 03:13:13'),
(15, 18, 8, 'ừm', '2020-12-20 09:28:40'),
(16, 18, 8, 'fdà', '2020-12-20 09:29:51'),
(17, 20, 9, 'ừm thì ngon', '2020-12-23 03:08:47'),
(18, 24, 9, 'dfà', '2020-12-23 03:19:09'),
(19, 12, 9, 'sđà', '2020-12-23 03:19:14'),
(20, 12, 9, ' dà', '2020-12-23 03:19:18'),
(21, 22, 13, 'hkhj', '2020-12-23 15:20:18');

-- --------------------------------------------------------

--
-- Cấu trúc bảng cho bảng `user`
--

CREATE TABLE `user` (
  `id` int(11) NOT NULL,
  `ten` varchar(20) NOT NULL,
  `password` varchar(100) NOT NULL,
  `email` text NOT NULL,
  `quyen` int(11) NOT NULL,
  `trangthai` int(1) NOT NULL,
  `img_user` text NOT NULL DEFAULT 'user_default.jpg',
  `sdt` varchar(10) NOT NULL,
  `ho_va_ten` varchar(50) NOT NULL,
  `about` text NOT NULL,
  `gioi_tinh` varchar(10) NOT NULL,
  `dia_chi` text NOT NULL
) ENGINE=InnoDB DEFAULT CHARSET=utf8mb4;

--
-- Đang đổ dữ liệu cho bảng `user`
--

INSERT INTO `user` (`id`, `ten`, `password`, `email`, `quyen`, `trangthai`, `img_user`, `sdt`, `ho_va_ten`, `about`, `gioi_tinh`, `dia_chi`) VALUES
(8, 'phan', '81dc9bdb52d04dc20036dbd8313ed055', 'phanvanphung215@gmail.com', 1, 0, 'phan262IMG_0839.JPG', '0971669462', 'Phan Văn Phùng', 'Tôi không có đam mê gì cả , tôi chỉ có đam mê hiểu biết', 'Nam', ''),
(9, 'phung', '81dc9bdb52d04dc20036dbd8313ed055', 'pvphung.19it1@sict.udn.vn', 2, 0, 'IMG_E0749.JPG', '', 'Phan Văn Phùng', 'Nấu ăn là tất cả niềm đam mê với tôi ', 'Nam', 'Quảng Bình '),
(10, 'phungit', '698d51a19d8a121ce581499d7b701668', '0971669462@gmail', 1, 0, 'user_default.jpg', '', '', '', '0', ''),
(11, 'hipro', '827ccb0eea8a706c4c34a16891f84e7b', 'pvphung.19it1@sict.udn.vn', 1, 0, 'hipro460IMG_3029.JPG', '113', 'Phan Văn ', '', 'Nam', 'Đà Nẵng'),
(12, 'java', '93f725a07423fe1c889f448b33d21f46', 'java@gmail.com', 1, 1, 'user_default.jpg', '', '', '', '0', ''),
(13, 'Duc', '9e94b15ed312fa42232fd87a55db0d39', 'cvduc.19it1@vku.udn.vn', 2, 0, 'duc.jpg', '', '', '', '0', ''),
(15, 'ducit1', 'eb9c19dce54de60944172dd00071138b', 'cvduc.19it1@vku.udn.vn', 1, 0, 'user_default.jpg', '', '', '', '', ''),
(17, 'phungit1', '35ac08856869f88ce77efc5d5471ab04', 'pvphung.19it1@sict.udn.vn', 1, 0, 'user_default.jpg', '', '', '', '', '');

-- --------------------------------------------------------

--
-- Cấu trúc bảng cho bảng `xem_sau`
--

CREATE TABLE `xem_sau` (
  `id` int(11) NOT NULL,
  `idMon_an` int(11) NOT NULL,
  `idUser` int(11) NOT NULL
) ENGINE=InnoDB DEFAULT CHARSET=utf8mb4;

--
-- Đang đổ dữ liệu cho bảng `xem_sau`
--

INSERT INTO `xem_sau` (`id`, `idMon_an`, `idUser`) VALUES
(13, 3, 12),
(17, 4, 12),
(22, 7, 8),
(23, 3, 8),
(24, 1, 8),
(26, 5, 10),
(27, 4, 10),
(28, 29, 11),
(29, 25, 11),
(30, 30, 9),
(31, 23, 13),
(32, 20, 9);

-- --------------------------------------------------------

--
-- Cấu trúc bảng cho bảng `yeu_thich`
--

CREATE TABLE `yeu_thich` (
  `id` int(11) NOT NULL,
  `idUser` int(11) NOT NULL,
  `idMon_an` int(11) NOT NULL,
  `ngay` timestamp NOT NULL DEFAULT current_timestamp() ON UPDATE current_timestamp()
) ENGINE=InnoDB DEFAULT CHARSET=utf8mb4;

--
-- Đang đổ dữ liệu cho bảng `yeu_thich`
--

INSERT INTO `yeu_thich` (`id`, `idUser`, `idMon_an`, `ngay`) VALUES
(6, 8, 19, '2020-12-20 15:07:07'),
(7, 8, 15, '2020-12-20 15:07:09'),
(8, 8, 11, '2020-12-20 15:07:11'),
(9, 8, 9, '2020-12-20 15:07:12'),
(10, 8, 4, '2020-12-20 15:07:13'),
(11, 11, 17, '2020-12-20 15:07:55'),
(12, 11, 16, '2020-12-20 15:07:58'),
(13, 11, 15, '2020-12-20 15:08:01'),
(14, 11, 18, '2020-12-20 15:08:04'),
(15, 11, 11, '2020-12-20 15:08:07'),
(16, 11, 9, '2020-12-20 15:08:08'),
(17, 11, 5, '2020-12-20 15:08:10'),
(18, 11, 1, '2020-12-20 15:08:11'),
(19, 10, 14, '2020-12-20 15:09:31'),
(20, 10, 15, '2020-12-20 15:09:32'),
(21, 10, 16, '2020-12-20 15:09:33'),
(22, 10, 7, '2020-12-20 15:09:36'),
(23, 10, 9, '2020-12-20 15:09:37'),
(24, 10, 6, '2020-12-20 15:09:38'),
(25, 10, 3, '2020-12-20 15:09:41'),
(26, 8, 7, '2020-12-20 15:41:28'),
(27, 10, 11, '2020-12-21 02:54:49'),
(28, 10, 19, '2020-12-21 02:55:00'),
(29, 11, 30, '2020-12-22 01:11:46'),
(30, 11, 26, '2020-12-22 01:11:48'),
(31, 11, 23, '2020-12-22 01:11:50'),
(32, 11, 19, '2020-12-22 01:11:54'),
(33, 9, 20, '2020-12-23 15:24:12'),
(34, 9, 29, '2020-12-23 15:29:04'),
(35, 9, 26, '2020-12-23 15:29:05'),
(36, 9, 25, '2020-12-23 15:29:06');

--
-- Chỉ mục cho các bảng đã đổ
--

--
-- Chỉ mục cho bảng `binh_luan`
--
ALTER TABLE `binh_luan`
  ADD PRIMARY KEY (`id`),
  ADD KEY `idUser` (`idUser`),
  ADD KEY `idMon_an` (`idMon_an`),
  ADD KEY `idUser_2` (`idUser`),
  ADD KEY `idMon_an_2` (`idMon_an`);

--
-- Chỉ mục cho bảng `danh_gia`
--
ALTER TABLE `danh_gia`
  ADD PRIMARY KEY (`id`),
  ADD KEY `idMon_an` (`idMon_an`),
  ADD KEY `idUser` (`idUser`);

--
-- Chỉ mục cho bảng `danh_muc`
--
ALTER TABLE `danh_muc`
  ADD PRIMARY KEY (`id`),
  ADD KEY `idUser` (`idUser`);

--
-- Chỉ mục cho bảng `hoadon`
--
ALTER TABLE `hoadon`
  ADD PRIMARY KEY (`id`),
  ADD KEY `idSach` (`idSach`),
  ADD KEY `idUser` (`idUser`);

--
-- Chỉ mục cho bảng `hoadon_chitiet`
--
ALTER TABLE `hoadon_chitiet`
  ADD PRIMARY KEY (`id`),
  ADD KEY `id_hoadon` (`id_hoadon`),
  ADD KEY `id_sach` (`id_sach`);

--
-- Chỉ mục cho bảng `mon_an`
--
ALTER TABLE `mon_an`
  ADD PRIMARY KEY (`id`),
  ADD KEY `idUser` (`idUser`),
  ADD KEY `idDanhmuc` (`idDanhmuc`);

--
-- Chỉ mục cho bảng `sach`
--
ALTER TABLE `sach`
  ADD PRIMARY KEY (`id`),
  ADD KEY `id_User` (`id_User`),
  ADD KEY `ten_sach` (`ten_sach`);

--
-- Chỉ mục cho bảng `tin_tuc`
--
ALTER TABLE `tin_tuc`
  ADD PRIMARY KEY (`id`),
  ADD KEY `nguoi_dang` (`nguoi_dang`);

--
-- Chỉ mục cho bảng `tra_loi_binh_luan`
--
ALTER TABLE `tra_loi_binh_luan`
  ADD PRIMARY KEY (`id`),
  ADD KEY `idBinh_luan` (`idBinh_luan`),
  ADD KEY `idUser` (`idUser`);

--
-- Chỉ mục cho bảng `user`
--
ALTER TABLE `user`
  ADD PRIMARY KEY (`id`),
  ADD UNIQUE KEY `ten` (`ten`);

--
-- Chỉ mục cho bảng `xem_sau`
--
ALTER TABLE `xem_sau`
  ADD PRIMARY KEY (`id`),
  ADD KEY `idMon_an` (`idMon_an`),
  ADD KEY `idUser` (`idUser`);

--
-- Chỉ mục cho bảng `yeu_thich`
--
ALTER TABLE `yeu_thich`
  ADD PRIMARY KEY (`id`),
  ADD KEY `idUser` (`idUser`),
  ADD KEY `idMon_an` (`idMon_an`);

--
-- AUTO_INCREMENT cho các bảng đã đổ
--

--
-- AUTO_INCREMENT cho bảng `binh_luan`
--
ALTER TABLE `binh_luan`
  MODIFY `id` int(11) NOT NULL AUTO_INCREMENT, AUTO_INCREMENT=25;

--
-- AUTO_INCREMENT cho bảng `danh_gia`
--
ALTER TABLE `danh_gia`
  MODIFY `id` int(11) NOT NULL AUTO_INCREMENT, AUTO_INCREMENT=16;

--
-- AUTO_INCREMENT cho bảng `danh_muc`
--
ALTER TABLE `danh_muc`
  MODIFY `id` int(11) NOT NULL AUTO_INCREMENT, AUTO_INCREMENT=16;

--
-- AUTO_INCREMENT cho bảng `hoadon`
--
ALTER TABLE `hoadon`
  MODIFY `id` int(11) NOT NULL AUTO_INCREMENT, AUTO_INCREMENT=12;

--
-- AUTO_INCREMENT cho bảng `hoadon_chitiet`
--
ALTER TABLE `hoadon_chitiet`
  MODIFY `id` int(11) NOT NULL AUTO_INCREMENT, AUTO_INCREMENT=18;

--
-- AUTO_INCREMENT cho bảng `mon_an`
--
ALTER TABLE `mon_an`
  MODIFY `id` int(11) NOT NULL AUTO_INCREMENT, AUTO_INCREMENT=31;

--
-- AUTO_INCREMENT cho bảng `sach`
--
ALTER TABLE `sach`
  MODIFY `id` int(11) NOT NULL AUTO_INCREMENT, AUTO_INCREMENT=17;

--
-- AUTO_INCREMENT cho bảng `tin_tuc`
--
ALTER TABLE `tin_tuc`
  MODIFY `id` int(11) NOT NULL AUTO_INCREMENT, AUTO_INCREMENT=19;

--
-- AUTO_INCREMENT cho bảng `tra_loi_binh_luan`
--
ALTER TABLE `tra_loi_binh_luan`
  MODIFY `id` int(11) NOT NULL AUTO_INCREMENT, AUTO_INCREMENT=22;

--
-- AUTO_INCREMENT cho bảng `user`
--
ALTER TABLE `user`
  MODIFY `id` int(11) NOT NULL AUTO_INCREMENT, AUTO_INCREMENT=18;

--
-- AUTO_INCREMENT cho bảng `xem_sau`
--
ALTER TABLE `xem_sau`
  MODIFY `id` int(11) NOT NULL AUTO_INCREMENT, AUTO_INCREMENT=33;

--
-- AUTO_INCREMENT cho bảng `yeu_thich`
--
ALTER TABLE `yeu_thich`
  MODIFY `id` int(11) NOT NULL AUTO_INCREMENT, AUTO_INCREMENT=37;

--
-- Các ràng buộc cho các bảng đã đổ
--

--
-- Các ràng buộc cho bảng `binh_luan`
--
ALTER TABLE `binh_luan`
  ADD CONSTRAINT `binh_luan_ibfk_1` FOREIGN KEY (`idUser`) REFERENCES `user` (`id`);

--
-- Các ràng buộc cho bảng `danh_gia`
--
ALTER TABLE `danh_gia`
  ADD CONSTRAINT `danh_gia_ibfk_1` FOREIGN KEY (`idMon_an`) REFERENCES `mon_an` (`id`);

--
-- Các ràng buộc cho bảng `danh_muc`
--
ALTER TABLE `danh_muc`
  ADD CONSTRAINT `danh_muc_ibfk_1` FOREIGN KEY (`idUser`) REFERENCES `user` (`id`);

--
-- Các ràng buộc cho bảng `hoadon`
--
ALTER TABLE `hoadon`
  ADD CONSTRAINT `hoadon_ibfk_1` FOREIGN KEY (`idUser`) REFERENCES `user` (`id`);

--
-- Các ràng buộc cho bảng `hoadon_chitiet`
--
ALTER TABLE `hoadon_chitiet`
  ADD CONSTRAINT `hoadon_chitiet_ibfk_1` FOREIGN KEY (`id_hoadon`) REFERENCES `hoadon` (`id`),
  ADD CONSTRAINT `hoadon_chitiet_ibfk_2` FOREIGN KEY (`id_sach`) REFERENCES `sach` (`id`);

--
-- Các ràng buộc cho bảng `mon_an`
--
ALTER TABLE `mon_an`
  ADD CONSTRAINT `mon_an_ibfk_1` FOREIGN KEY (`idUser`) REFERENCES `user` (`id`),
  ADD CONSTRAINT `mon_an_ibfk_2` FOREIGN KEY (`idDanhmuc`) REFERENCES `danh_muc` (`id`);

--
-- Các ràng buộc cho bảng `sach`
--
ALTER TABLE `sach`
  ADD CONSTRAINT `sach_ibfk_1` FOREIGN KEY (`id_User`) REFERENCES `user` (`id`);

--
-- Các ràng buộc cho bảng `tin_tuc`
--
ALTER TABLE `tin_tuc`
  ADD CONSTRAINT `tin_tuc_ibfk_1` FOREIGN KEY (`nguoi_dang`) REFERENCES `user` (`ten`);

--
-- Các ràng buộc cho bảng `tra_loi_binh_luan`
--
ALTER TABLE `tra_loi_binh_luan`
  ADD CONSTRAINT `tra_loi_binh_luan_ibfk_1` FOREIGN KEY (`idBinh_luan`) REFERENCES `binh_luan` (`id`),
  ADD CONSTRAINT `tra_loi_binh_luan_ibfk_2` FOREIGN KEY (`idUser`) REFERENCES `user` (`id`);

--
-- Các ràng buộc cho bảng `xem_sau`
--
ALTER TABLE `xem_sau`
  ADD CONSTRAINT `xem_sau_ibfk_1` FOREIGN KEY (`idMon_an`) REFERENCES `mon_an` (`id`);

--
-- Các ràng buộc cho bảng `yeu_thich`
--
ALTER TABLE `yeu_thich`
  ADD CONSTRAINT `yeu_thich_ibfk_1` FOREIGN KEY (`idMon_an`) REFERENCES `mon_an` (`id`),
  ADD CONSTRAINT `yeu_thich_ibfk_2` FOREIGN KEY (`idUser`) REFERENCES `user` (`id`);
COMMIT;

/*!40101 SET CHARACTER_SET_CLIENT=@OLD_CHARACTER_SET_CLIENT */;
/*!40101 SET CHARACTER_SET_RESULTS=@OLD_CHARACTER_SET_RESULTS */;
/*!40101 SET COLLATION_CONNECTION=@OLD_COLLATION_CONNECTION */;
